idEmpleado,cedula,pNombre,sNombre,pApellido,sApellido,fechaNacimiento,direccion,Lugar_idLugar
1,10835480,Libby,Leontine,Nevett,Kolakovic,2/19/1962,1 Clarendon Trail,982
2,27126119,Locke,Eric,Kieran,Akast,2/28/1995,95 Schurz Pass,1088
3,25294502,Manon,Tristam,Bontein,,4/11/1970,9 Reindahl Park,1254
4,33495072,Alex,Cati,Freyn,Chaperlin,3/27/1961,23516 Bunker Hill Court,892
5,15484676,Jacquelyn,,Acarson,MacDuff,7/20/1968,3381 Stephen Park,862
6,23955003,Randene,Hedwiga,Langstone,Bunworth,6/18/1985,53790 Elka Center,1480
7,28014823,Trev,,Newcomen,Dillinton,3/29/2003,4328 Almo Place,1451
8,29202302,Arlee,,Martynikhin,,10/30/1982,2 Division Road,517
9,21801803,Jessie,Emeline,Wychard,,9/24/1996,166 Nevada Place,785
10,27815238,Owen,Kristoffer,McLeman,,5/18/1992,64 Mccormick Alley,1393
11,22998659,Lettie,,Wivell,Pavese,4/13/1999,6 Annamark Point,1383
12,20535348,Rosetta,,Leighton,Cardis,4/23/1992,9545 Del Sol Place,1299
13,14119593,Faunie,,Jesson,Losebie,3/13/1990,9819 Mandrake Plaza,574
14,32861094,Jermayne,,Bromley,Karoly,3/15/1964,67465 Stephen Point,1307
15,11464127,Charles,Stanislas,MacGebenay,Askaw,7/18/1974,4 Spohn Circle,696
16,27821806,Margaux,,Klemt,,10/5/1987,2351 Granby Park,1419
17,16337988,Ninetta,Colan,Stallybrass,Kalinovich,9/6/1993,8 Truax Parkway,807
18,10107541,Guthrie,Mame,Bewick,Rubinchik,3/27/1980,920 Leroy Court,1451
19,10859218,Leroi,Rosmunda,Lammerich,Easterfield,10/31/1966,7 Ludington Lane,977
20,24912131,Rosalia,Nial,Percy,Sleicht,8/28/1969,414 Carey Road,911
21,22641079,Toiboid,Biddy,Seignior,,12/31/1978,422 West Drive,484
22,17826632,Ruddie,Martainn,Arkill,,3/9/1981,3933 Pankratz Pass,930
23,33779363,Hersh,Benedikta,Faudrie,,5/20/2006,6 Susan Alley,857
24,20419616,Jocelyn,Seth,Attril,Mayne,5/8/1968,0 Vahlen Road,838
25,22494056,Mair,Amie,Martusov,Grinishin,12/11/1996,64 Sunfield Center,962
26,25563163,Johann,,Tanswell,Dessant,1/7/1974,0079 Prairieview Pass,565
27,18863943,Berne,Issiah,Nestor,,11/7/1996,40 Gateway Place,503
28,15959355,Karlotta,Avivah,Bonaire,Goodsell,6/5/1983,9 Manufacturers Place,1278
29,30992072,Bord,Darci,Trenfield,McKinna,11/4/1982,43 International Place,946
30,28736578,Vikki,,Morales,Illidge,3/23/1975,471 Kensington Road,628
31,26907388,Barris,,Leadbetter,,8/20/1994,52005 Coleman Junction,1457
32,30392587,Ann,,Menauteau,,4/25/1986,74492 Manitowish Trail,653
33,26295445,Grethel,Terri,Outhwaite,Crielly,3/1/1969,53 Bowman Lane,1218
34,25879985,Gregoor,Didi,Woolpert,MacTrustrie,8/29/1961,091 Grim Drive,1380
35,17664764,Matthus,,Matusiak,Perrinchief,3/28/2007,05 Washington Terrace,818
36,20802641,Cori,,Sircomb,Bostick,7/30/1992,6 Florence Circle,998
37,19077376,Mariele,Crysta,Huggan,Crannage,7/19/1972,7 Tony Circle,1372
38,12149469,Schuyler,,Olanda,Waterstone,4/16/1982,83983 Roxbury Avenue,402
39,21605796,Elbert,Monte,McNickle,,9/19/1967,624 Derek Crossing,1059
40,12207201,Darell,Felipa,Collicott,,12/30/1975,9 Homewood Hill,1026
41,28494646,Sherwynd,Brnaba,Sentinella,Pinke,12/19/2007,4870 Burning Wood Pass,801
42,21738239,Billi,Paulo,Folling,,5/6/2004,71907 Mesta Terrace,910
43,26685390,Hillier,,Heamus,Sevier,4/17/1983,90 Packers Parkway,1263
44,25542020,Willow,Halsey,Skey,Kynforth,4/19/1961,7 Caliangt Point,877
45,13680552,Lisbeth,Pavia,Teodoro,,1/1/1978,5 Namekagon Court,435
46,11054573,Terrijo,Yoshi,Pimblott,,1/21/1985,53 Monterey Alley,1345
47,33293689,Yolane,Esme,Eschelle,,10/5/1972,41 Corscot Drive,691
48,13658285,Aloise,Sergent,Russan,,3/10/2000,8 Mosinee Hill,502
49,10813394,Wait,,Suff,,8/16/1987,4016 Clyde Gallagher Road,451
50,19794549,Addi,,Cudworth,,12/30/1998,2 Fisk Junction,593
51,33269517,Calla,Tracey,Howsego,,8/6/1968,6797 Petterle Place,924
52,17978438,Adrianne,,Rimell,Perocci,2/26/2006,55037 Dorton Crossing,1212
53,10968297,Walt,,Baldree,,3/22/1998,721 Del Mar Drive,1375
54,29134682,Marsh,Gerick,Lutzmann,,9/25/1981,746 Carey Street,692
55,30421246,Gayler,Giffie,Gratland,,7/29/1988,68717 Forest Place,1477
56,20113886,Beret,Sergei,Smurfit,Nunns,1/10/1964,9091 Killdeer Place,487
57,24638472,Alden,Justis,Whitter,Moizer,12/12/1979,3 Merchant Park,787
58,16951972,Weston,Julianne,Offa,Almeida,7/13/2004,00832 Division Parkway,486
59,20291394,Sela,Stafani,Lemme,,12/9/1986,16 Bellgrove Lane,792
60,14471169,Theodor,Joan,Duigan,,11/21/1997,248 Hooker Court,1086
61,16862372,Maegan,Avictor,Knotton,Sunman,10/8/1973,54906 Hazelcrest Crossing,444
62,18482749,Wyndham,,Antecki,,3/15/1966,1385 Mesta Crossing,1249
63,29254493,Brucie,,Messiter,Purbrick,4/1/1963,29434 Loeprich Circle,1238
64,12506524,Jerry,Hillard,Cartledge,Hurford,4/8/1988,71 Tomscot Lane,442
65,14895469,Carmina,Filberto,Olivet,,6/27/1985,590 Fuller Court,967
66,30296984,Felicity,Flore,Curnick,Worham,11/11/2004,2 Schlimgen Terrace,1326
67,20902611,Lezlie,,Arthur,Swinglehurst,8/29/1986,70275 Farmco Circle,785
68,10795847,Leonard,,Blumire,Vine,2/2/1999,9 Orin Way,683
69,28820366,Murial,Aimil,Shoard,,5/26/1978,89 Shasta Hill,949
70,16631422,Elyse,,Hosby,Berling,12/25/1998,87740 Union Drive,873
71,26101962,Ase,Perice,Benley,Veeler,1/21/1986,65 Esker Road,1324
72,28048837,Prudi,Matthiew,Somerset,Dike,7/31/1962,0999 Meadow Vale Street,883
73,32444126,Dorothea,Claudine,Windless,Bouller,3/25/1996,19 Shasta Drive,1117
74,20616206,Marilyn,Earlie,Palley,Murfett,10/20/1982,3886 Morrow Road,819
75,12139603,Denyse,Guilbert,Ronayne,Garrity,5/31/1980,5 Myrtle Place,719
76,23165734,Mattias,Tyler,Skiggs,Blakeborough,9/4/1995,13978 Boyd Way,450
77,33799389,Romola,Jereme,Milch,Glanders,2/13/1976,6 Colorado Lane,898
78,11816333,Thatch,Paquito,Carabet,,7/1/1972,780 Hanover Trail,906
79,27473379,Chlo,Beauregard,Gowthorpe,Vasilyev,4/13/1967,1732 Elka Place,822
80,24325778,Clair,Raymund,Jaggers,Kinavan,7/22/1988,6 Twin Pines Plaza,379
81,28034119,Avery,Idell,Fried,Rouke,3/4/2000,143 Center Terrace,1304
82,20470878,Boone,Rodrigo,Cristol,Borzone,10/16/1987,458 Victoria Hill,1135
83,23422420,Kania,Minerva,Badman,Fitchell,12/5/2006,17 Marquette Plaza,463
84,19678672,Isidoro,Ozzy,Readwin,,9/25/1979,54546 Vera Hill,795
85,27747664,Jo,,Batha,Syrad,10/24/2002,9548 Dixon Crossing,1483
86,20223121,Lorianna,Titos,Isacsson,Halliburton,10/8/1970,1219 Riverside Lane,1137
87,12270267,Moria,,Tukesby,,7/15/1979,276 Delladonna Way,867
88,22418363,Giorgi,Berny,Garwill,Lynas,4/27/2004,08 Ridgeway Street,1282
89,16349455,Karmen,,Broadhurst,Deroche,12/14/1985,2 5th Point,964
90,20535442,Barbabra,,Syde,,5/15/1971,684 Kingsford Trail,894
91,12383605,Merridie,,Lebbon,Hanny,9/11/1989,01872 Stephen Junction,572
92,24407337,Agathe,Mureil,Weldrick,Tillett,10/22/1974,87 Schlimgen Way,705
93,22576859,Guglielma,Goldina,Starmont,Baugham,2/1/1991,640 Graedel Drive,858
94,32911799,Cora,,Gatland,,1/5/1979,12841 Killdeer Alley,1336
95,29883170,Mac,Geoffrey,Whitnall,,3/10/1988,32322 Macpherson Park,875
96,13109546,Clio,Zebedee,Brusin,Ferrand,9/2/1985,1574 Summerview Court,1138
97,26417750,Tracie,Dylan,Kingswold,,8/1/1979,891 Pawling Alley,384
98,11069512,Georgine,,Phillippo,Daleman,3/20/2008,59 Steensland Court,518
99,20309345,Lynn,Kerby,Druitt,Hews,11/13/2004,02 Stephen Pass,1050
100,22123442,Cosette,Shurlocke,Codi,Lissemore,9/23/1964,936 Pepper Wood Lane,755
101,33203359,Gilligan,Neile,Kaines,Housam,8/28/1977,1294 Ramsey Road,754
102,16259044,Julienne,,Billitteri,Jowett,12/17/1987,80 Bobwhite Crossing,1021
103,22390836,Moshe,,Harrie,,7/18/1971,04 Moose Alley,804
104,26271947,Dominic,,Giacovelli,Hasell,12/3/1998,0 Reindahl Way,1154
105,20758383,Magnum,,Beelby,Housbey,11/2/1999,7536 Jackson Plaza,950
106,26858076,Stafani,Beverlie,Grayshan,Emptage,4/6/1965,952 Towne Terrace,1473
107,23918856,Neddy,Claudian,Clegg,,4/12/1972,44049 Jenna Street,514
108,28910388,Floria,Sargent,Hallwood,,9/10/1979,879 Tony Center,1111
109,25234260,Wes,,Sandes,,4/21/1990,42580 Coleman Court,1490
110,24775465,Salim,Roldan,Tregale,Voelker,2/8/1967,4546 Veith Drive,1219
111,11816232,Tanner,Shelden,Cotsford,Peris,3/24/1995,2 Esch Crossing,435
112,34957938,Annamaria,Anthiathia,Chaunce,,11/30/1970,7 Dawn Hill,1218
113,29406784,Fancie,,Lorraway,Binestead,8/24/1992,2 Prairieview Alley,404
114,31675273,Deanna,Hartley,Aymes,,9/26/1992,4 Morrow Parkway,437
115,16662832,Lynnea,Esteban,Borrott,,9/12/1969,5059 Basil Trail,791
116,31511775,Jelene,Farrah,Power,Dundendale,9/24/1968,7 Briar Crest Center,624
117,11521210,Vernen,Rikki,Batchelour,Churn,5/11/1974,2480 Pankratz Terrace,1282
118,27664276,Kelsi,Isiahi,Blackman,McNickle,2/8/2001,03 Dayton Crossing,545
119,14306222,Eran,Patience,Ciccottio,Gartell,7/22/2003,54 Hazelcrest Lane,366
120,24820309,Berkley,Jude,Madine,Dunniom,2/4/1986,9 Texas Center,573
121,12072179,Daune,,Wethey,Poltone,7/23/1991,72 Iowa Drive,575
122,14456287,Susette,,Hasselby,Pennacci,12/24/1988,30247 Dunning Lane,751
123,24749770,Heddie,Field,McInnery,Cornelisse,11/14/1979,31481 Lakeland Center,912
124,19970303,Juanita,,Hegarty,Pitson,2/23/1970,33503 Moose Trail,1100
125,21147869,Bianka,,Elener,Zavattiero,4/2/1985,5 Eastwood Lane,724
126,33550424,Marcelo,Gladys,MacKerley,Treadway,11/6/2005,89 Mandrake Court,1346
127,29629721,Agnese,,Domney,Concannon,5/26/1994,5 Harper Street,1222
128,17367451,Jessie,Eldin,Sinnocke,Aime,7/4/1994,23 Wayridge Lane,654
129,26166650,Giovanna,Reta,Delahunt,O'Fihillie,7/25/1971,68 Kensington Junction,971
130,23202940,Honey,,Potteril,Karlmann,2/20/1961,07 Lake View Lane,496
131,18602611,Konstance,,Luard,Blucher,3/10/1961,1089 Rowland Terrace,698
132,10591541,Elihu,Tabina,Maggs,,1/11/1985,83486 Killdeer Lane,967
133,11016423,Marcy,Noland,Nobles,,9/6/1992,639 Shopko Way,738
134,26807915,Noble,,Priddie,,12/24/1985,705 Gateway Way,997
135,24970575,Kimbell,Lancelot,Noto,Ebbings,2/15/2008,66 Granby Parkway,1082
136,23357935,Cathlene,Emelda,Sibly,,12/3/1977,4271 Walton Circle,758
137,24557848,Myer,Grant,O'Mailey,,7/19/2003,72 Moulton Street,1045
138,31917364,Alonzo,Valera,Cottier,Ruslinge,4/14/1996,08 Declaration Place,1312
139,15299044,Jourdan,Jonas,Bolstridge,Dundon,12/8/1986,112 Holmberg Street,478
140,27817943,Beltran,Teirtza,Frayn,Neilands,9/20/1980,5 Sutteridge Place,820
141,31511300,Barby,,Kubica,Considine,9/2/2002,12399 La Follette Trail,579
142,26215424,Stanton,Christoph,Slixby,,3/20/2003,3710 Swallow Pass,1252
143,25936329,Raeann,,Lowden,Covil,11/21/1989,8 Portage Center,789
144,10111136,Emmett,Avictor,Brent,Soldi,7/22/1967,41 Eliot Circle,483
145,20217217,Corilla,,Burgise,Burniston,12/31/1961,05748 Mosinee Lane,1004
146,26108117,Mickey,Gennie,Masding,Gallagher,7/24/1984,35482 Sage Plaza,446
147,23006894,Dieter,Marja,Bartelet,Ruecastle,5/30/1992,780 Northwestern Place,1440
148,10177587,Florence,Patrick,Bassett,Walliker,11/29/1983,35 Hoffman Way,783
149,14167618,Elinore,,Kunzel,Parades,6/20/1988,76 Dwight Street,581
150,24275892,Nataniel,Kurt,Tweed,Hughman,9/16/1989,97411 New Castle Parkway,919
151,30067290,Zara,Raimondo,Roostan,Garfath,1/17/2008,4882 Express Center,1459
152,33391825,Benedick,Rhianna,Frankcombe,Bowne,8/29/1974,51791 Tennessee Center,1487
153,32781895,Lamar,Waylin,Rodgers,Wing,8/1/2004,51292 Bunker Hill Alley,1424
154,11019802,Terencio,Stanwood,Girdler,Delacoste,3/31/1972,76 Rockefeller Court,681
155,11424399,Randee,Esma,Olivas,Elcomb,7/3/1970,66450 Erie Center,821
156,23541006,Corrina,Abigael,Alfonso,,6/3/1994,8 Eagan Terrace,520
157,11080197,Thebault,,Hoovart,Fann,3/29/1962,1 Pine View Avenue,723
158,29042421,Lisbeth,Napoleon,Gerding,Brunotti,10/17/1983,66 Novick Terrace,1260
159,12393545,Gilbertina,Anne-corinne,Cruikshank,,1/16/1997,494 Spaight Circle,1162
160,34859794,Boothe,Leda,Halloway,,4/20/1983,46562 Derek Plaza,567
161,27095241,Skip,Michel,Cristoforo,Sainsberry,3/20/1976,0 Springview Street,657
162,31473066,Leon,Hyman,Del Castello,Rolph,3/28/1968,738 Scofield Park,1463
163,14469523,Juan,Roch,Gristwood,Polendine,12/1/2006,94596 Hintze Junction,564
164,20051146,Ingmar,Dara,Bedin,Levensky,2/12/1989,0099 Esker Plaza,945
165,34376541,Lizette,Lacee,Ruggs,Lorain,7/6/1978,17 Lakewood Terrace,808
166,34270205,Laverne,,Charlin,,11/9/1971,946 Merry Way,1466
167,16334015,Gretchen,,Cannop,Parell,6/5/1995,30814 Raven Place,782
168,27970948,Emlyn,,Carme,,4/23/1979,2 Commercial Lane,1273
169,30825330,Shandie,Jeramey,Weddeburn - Scrimgeour,Brindley,10/20/1986,010 6th Circle,1238
170,18676220,Elana,Michael,Woodworth,,10/6/1998,783 Arkansas Center,438
171,20872802,Donal,Kirsteni,Baptiste,Sprasen,2/16/2000,84 Roth Terrace,1278
172,17580251,Dulcinea,,Cracie,Bastide,10/3/1969,8443 Burning Wood Alley,997
173,25650666,Dorri,,Tripony,Kittel,12/15/1973,1678 Green Place,1210
174,33885546,Blane,Loutitia,Smallpeace,,5/19/1962,150 Sheridan Terrace,1236
175,26543150,Shellysheldon,Kelly,Gennerich,,4/21/1973,2275 Lillian Point,1470
176,20390620,Mercie,Merola,Fust,Sommerland,12/2/1988,73103 Westend Parkway,986
177,13683565,Dyan,Cesaro,Banbrick,,12/15/1982,4 Eliot Terrace,634
178,16377933,Prent,Margot,Sandon,,8/23/1985,52778 Sachtjen Trail,763
179,32241644,Marylou,Wilbur,Kempshall,,7/12/1996,3 Helena Road,945
180,31875459,Jervis,,Dusting,Sleney,11/28/1997,21 Sutteridge Way,982
181,13409786,Luther,Karly,Walklott,Lovemore,2/23/1964,617 Emmet Alley,1430
182,20705517,Rebbecca,Gennie,Szimon,Hain,10/8/1977,27772 Tony Alley,706
183,27629794,Arny,Sallyanne,Eakle,,6/2/1978,9 Veith Drive,1443
184,32002451,Rea,,Rymer,Bonass,9/21/1994,80 Nova Parkway,606
185,34727847,Edgar,,Robison,,9/28/1996,3815 Sherman Park,968
186,25650028,Evyn,Ephrayim,Smorthit,Simoncelli,7/5/1960,84622 Arkansas Place,1085
187,12392414,Richart,Lorin,Synke,,4/27/1983,15304 Melvin Trail,912
188,33780792,Bev,Lewie,Dyshart,,2/15/1985,29072 Cherokee Crossing,586
189,22067129,Edwina,Hadleigh,Libbey,Osgardby,8/5/1997,69 Hollow Ridge Park,1009
190,27955687,Rachele,,Vigrass,Lidden,11/4/1978,334 Lakewood Gardens Trail,712
191,21234401,Sophi,,Danet,Weedenburg,7/20/1960,3135 Muir Crossing,1134
192,30143623,Karena,Toiboid,Paddingdon,,2/21/2008,161 Nobel Center,654
193,30281154,Davie,,Beddoes,Kalkofer,7/4/1996,6918 Hudson Point,775
194,24380036,Shirleen,Ewen,Hendrickson,MacKeague,8/15/1969,9 Lake View Park,483
195,30729673,Derrik,Ardra,Glander,Aizikowitz,5/17/2003,108 Maryland Circle,1405
196,18976576,Jerrylee,Blaire,Thorrold,,3/5/2008,41 Ronald Regan Hill,1325
197,32177342,Karrah,Fiann,Domnick,,7/17/1989,07 Granby Crossing,852
198,34946227,Nial,,Nosworthy,,2/23/1969,83701 Manley Center,1392
199,18788950,Trula,,Douberday,,6/13/1969,8584 Grover Drive,449
200,13974972,Artus,,McCluin,Bleyman,8/22/2006,705 Saint Paul Circle,1461
201,28913407,Donetta,Aura,Sirkett,Widdicombe,12/3/2003,0 Eastwood Junction,582
202,32798243,Lorenza,Sawyere,Glaister,Ambler,11/7/1998,8 Gateway Plaza,448
203,14443552,Di,Thorstein,Lideard,,8/29/1962,48 Mallory Lane,375
204,20918499,Esmeralda,,Bowskill,Monnelly,7/10/2001,95 Southridge Terrace,704
205,19318410,Monro,Jerome,Towe,,5/10/1974,8416 Hansons Crossing,824
206,34096047,Dickie,Ardelia,Langer,Finicj,12/23/1974,78910 Crest Line Point,947
207,21205410,Odetta,Kristoffer,Wilman,,1/18/1991,86 Mifflin Court,1242
208,30498181,Moyra,Gavan,Blaza,McIllrick,9/3/2006,8 Colorado Park,419
209,26932716,Durant,Theresina,Mailes,,5/29/1970,20756 Milwaukee Terrace,643
210,26582008,Gasparo,,Phebee,,5/6/1996,01966 Waubesa Center,502
211,12943241,Basilius,Trudy,Deniseau,Braidford,1/8/1974,846 Manley Alley,368
212,27071249,Billie,,Fiveash,,4/24/1983,6 Ramsey Trail,804
213,21017954,Grete,Marina,Profit,Stirman,12/17/1978,9068 Fairview Center,1199
214,29317544,Francesca,Dwain,Macconaghy,Eisold,6/3/1989,27 Bunting Point,874
215,19372660,Marketa,Georgena,Dabernott,Cheyney,6/23/1998,64473 Main Terrace,678
216,31789568,Trace,Haslett,Daye,Petruskevich,1/20/1986,0 Glendale Parkway,908
217,11540765,Andy,,Stainson,,6/20/1997,6 Carey Hill,818
218,13990699,Tamarah,,Mcmanaman,,3/3/1981,27 Nobel Park,915
219,22212345,Keelia,Row,Senussi,Tudge,7/27/1972,06608 Badeau Avenue,416
220,33360159,Marsh,Clementius,Fery,Cirlos,8/25/1979,451 Forest Dale Pass,1310
221,10734536,Pammie,Lowe,Niccols,,10/21/1973,2265 Clarendon Drive,1220
222,18957896,Eden,,Garnsworth,Boog,4/30/1965,75 Moland Terrace,1030
223,29660667,Brana,Berti,Learmount,Bleaden,4/14/1983,4 Parkside Crossing,586
224,33761849,Sonni,,Lugton,,9/6/1961,8126 Fairfield Way,789
225,28556888,Lennie,Lida,Gordge,Andersson,10/16/1975,69 Rutledge Way,1031
226,31292140,Dewitt,Elspeth,Wife,Graves,4/6/1977,55498 Hazelcrest Place,465
227,33108201,Lurline,Hazel,Blaisdell,Pickerin,6/24/1980,2 Northwestern Center,1204
228,22484201,Milty,,Grane,Confait,7/22/1969,355 Colorado Road,995
229,28518805,Rudolph,Judye,Kier,Balchen,9/22/1976,28385 Killdeer Point,835
230,16242624,De witt,,Walls,Larking,10/11/1991,2 Novick Park,576
231,29154929,Yard,Lilyan,Towell,,7/29/1984,60032 Straubel Avenue,645
232,29500039,Burty,Amalia,Kernocke,,8/13/2005,0 Burrows Junction,712
233,15972922,Annaliese,Emalia,Woodhead,Lemmertz,4/6/1986,722 Bayside Circle,426
234,34195734,Shep,Brnaba,Niece,Merrien,7/4/1964,85 Lakeland Street,1126
235,21570843,Dedie,,Radoux,,6/11/1991,61050 Atwood Drive,1103
236,28020799,Sharity,Gilligan,Fabbro,,6/13/1978,940 Bellgrove Terrace,1150
237,30253101,Bevon,,Cluitt,Hofton,5/5/1975,94 Kipling Plaza,1453
238,32649797,Nat,,Stetson,Coppock.,11/20/1993,59621 Summer Ridge Crossing,988
239,22224697,Rouvin,,Aldersley,,4/12/1991,1191 Monument Pass,1097
240,15413069,Barth,Hortense,Lindenman,,5/22/1979,4 Garrison Crossing,473
241,19316965,Hendrik,,Povlsen,,5/15/2008,44 Westridge Junction,458
242,27444955,Philbert,Colin,Grieger,Brugh,1/9/1977,02 Westport Alley,913
243,31517298,Hewett,Winifred,Scohier,Desesquelle,4/13/2006,5675 Stone Corner Center,831
244,10249275,Olly,Jarred,Dubock,Bome,9/19/1982,376 Anderson Court,440
245,11037488,Carmelle,Danella,Porkiss,Swindells,6/22/1980,07 Holmberg Point,531
246,28891870,Prince,Danette,Josham,Trembley,5/25/1983,879 Hermina Street,425
247,17449611,Valery,Kaja,Enterle,Croughan,3/23/1984,4191 Declaration Avenue,1173
248,16573911,Auguste,Brita,Camier,,1/17/1997,0961 Almo Street,559
249,21836386,Christabella,Giselbert,Quig,Oxenford,12/10/1968,39 Quincy Place,546
250,26597958,Frannie,Bartram,Finnes,Mathiasen,9/18/1984,308 Elka Park,1188
251,21700043,Sandro,Reginauld,Royal,,7/12/2001,27 Trailsway Pass,1088
252,14842290,Redford,,Alwen,Huffey,10/23/1968,1 Badeau Plaza,561
253,11696410,Allegra,Emanuel,Schurig,Beining,12/31/1998,2 Oak Valley Crossing,505
254,28547785,Sella,,Giordano,,3/2/1976,4162 Mayfield Alley,397
255,27211820,Simmonds,Graig,Bothams,,2/27/1995,2398 Kedzie Park,1468
256,10335928,Ximenes,Genevra,Prawle,D'Ambrosi,12/5/1984,26879 Boyd Court,1323
257,21694195,Minette,Chryste,Toderi,Clewlowe,4/21/1996,291 Bowman Pass,381
258,31143632,Maxy,,Rotherforth,Zapatero,3/27/1976,78 Nelson Trail,778
259,32812626,Fairfax,Beverie,Yeowell,Harley,5/10/1984,9283 Elgar Hill,476
260,14130685,Martica,,MacGiffin,Creffield,7/6/2007,16524 Brown Pass,1350
261,22963368,Phaedra,,Brendeke,Kunzelmann,8/3/1968,9716 Forest Dale Lane,784
262,11978375,Willdon,Eilis,Naismith,Winterborne,12/22/2006,73399 Calypso Hill,659
263,18322455,Giavani,Thorin,Luety,Goodbanne,1/16/1993,33107 Eagle Crest Place,424
264,26678879,Jessica,West,Bessett,Tremoille,2/3/1992,44 Brown Crossing,1340
265,22514254,Babs,Meade,Proudman,Peascod,10/18/1962,7452 Green Ridge Crossing,1388
266,27836760,Florina,,Caesmans,MacAnulty,10/27/1988,81 Carberry Place,947
267,26132666,Rudyard,Archaimbaud,Gatecliff,Cancott,10/21/1964,17 Bowman Parkway,425
268,30318333,Ellary,,Chastanet,Dolden,10/6/1960,400 Milwaukee Drive,1464
269,13813713,Beverie,,Stoute,Woodfield,11/6/1972,491 Susan Parkway,912
270,13526660,Michaella,Eddy,Glencrash,Kenrat,3/2/2000,1 Gerald Point,619
271,14855685,Doralyn,,Danks,Nuschke,5/19/1982,5 3rd Parkway,642
272,29442232,Wit,Auria,Simmon,,3/10/1989,6935 Sundown Hill,1332
273,30194909,Heall,Tanney,Brandle,,3/14/1999,869 Talmadge Lane,835
274,23214082,Andris,Lissy,Jerams,Delion,12/26/1986,269 Spaight Court,978
275,30477635,Seline,Husein,Buzin,Greatbanks,3/25/1989,9 Randy Street,899
276,21791345,Raychel,,Yackiminie,Fehners,3/23/1977,85882 Knutson Crossing,900
277,24087471,Ryan,Albie,Ive,Mahody,6/7/1988,90072 Paget Place,484
278,17394796,Georgine,Candice,Ebbage,Speedy,5/29/2003,551 Rusk Place,618
279,16398442,Elfrida,Ted,Stones,,12/17/2006,9193 Shoshone Lane,1419
280,16109395,Heddie,Patrice,Canepe,Perrygo,10/17/1968,4709 Springs Drive,1254
281,16714790,Camella,Judd,Llewelyn,Van der Mark,7/11/1969,06 Huxley Court,1116
282,16289523,Vincents,,Lougheed,Verity,4/19/2007,87 Schurz Lane,730
283,33416175,Dacey,Barnaby,Whal,Persehouse,11/13/1972,623 Lighthouse Bay Parkway,518
284,11136232,Scotty,Buckie,Clynmans,Davis,1/31/1992,5 International Center,578
285,24251697,Chrissie,Marcie,Gowland,,6/27/1978,5 Nobel Street,828
286,22170855,Rosalie,,Loxston,Dripp,12/20/1966,65023 Claremont Place,948
287,30449962,Paule,Bronnie,Oliphard,Van Der Vlies,2/25/1962,7967 Elgar Street,1094
288,14994203,Shelba,,Lamperti,Crosetto,12/17/1982,5 Ruskin Street,815
289,22872265,Chiarra,,Zanetto,,4/5/1997,7 Forster Road,1432
290,28759177,Celine,Rosalinde,Greeves,,1/30/1964,667 Norway Maple Trail,1140
291,29076595,Egor,,MacFaell,,9/26/1975,0 Straubel Crossing,402
292,23384837,Forest,Standford,Pregel,Sibbs,7/9/1960,9 Dahle Lane,389
293,31537670,Suzie,Janek,Hemphrey,Tight,12/17/2000,222 Judy Center,1218
294,23792524,Marjie,Edita,Simanek,Fasset,12/15/2005,04 Chinook Avenue,997
295,27657811,Ker,Trista,Clubb,Filgate,11/18/1990,5325 Lien Pass,954
296,27755547,Derby,,Dello,Flay,8/11/1972,7 Hollow Ridge Alley,598
297,10129727,Rikki,Kellby,Scola,Lusted,7/10/1967,346 Lawn Point,920
298,12263290,Blakeley,Bekki,Ingarfill,Oakenfall,4/16/1963,10907 Debra Park,982
299,30123925,Dunstan,,Sivills,Gaisford,1/5/1970,6849 Eggendart Junction,706
300,18426716,Flinn,,Sponton,Pughe,9/29/1960,866 Village Court,534
301,31179403,Ewan,Wren,Chafney,Toolin,12/25/1978,828 Hayes Circle,876
302,10991577,Kacy,,Kleine,Trelevan,5/17/1961,72 Oriole Park,720
303,25234061,Calvin,Cornelius,Ashmole,McKag,9/7/1985,21 David Hill,639
304,20215279,Rooney,,Pencott,,6/2/1987,4 Graceland Drive,1452
305,20378821,Aristotle,,Mulrooney,Morshead,12/16/1993,14 Clyde Gallagher Drive,573
306,28211438,Maggie,Roland,Aucourte,,1/18/1983,19 Spenser Parkway,986
307,31398308,Cathlene,Irvine,Baraclough,Velden,8/6/1998,16 West Way,574
308,10280580,Judith,Melodie,Pennini,,2/23/1966,58788 Evergreen Hill,1487
309,17740411,Peter,Sanders,Sperwell,Gavaghan,5/16/1999,47 6th Avenue,1207
310,34875172,Shari,Claribel,Rolfi,Lidgertwood,6/30/1960,099 Merchant Hill,470
311,16612334,Tessie,Annabal,Wiley,Spino,2/20/2006,4 Beilfuss Drive,1011
312,17030573,Thorpe,,Guthrum,Ashdown,4/24/1965,7 Brown Pass,1111
313,31621306,Susann,,Bortolussi,Sabine,5/1/1990,2619 Russell Junction,1340
314,34712116,Amaleta,Tedda,Clapperton,,6/28/1979,1 Grover Court,1398
315,10014499,Rhonda,,Tunnicliff,Gritsaev,4/2/1979,47610 Sloan Road,966
316,18561503,John,,Hurdman,,6/8/1963,14 Mandrake Lane,575
317,29246171,Laney,,Kilbourne,Jarrette,10/30/1994,27878 Saint Paul Alley,397
318,32679681,Radcliffe,Hamil,Checcuzzi,Haughian,8/14/2006,14962 Express Plaza,1067
319,27789456,Erhart,Kirk,Colquhoun,Biasotti,11/2/2006,53860 Independence Junction,748
320,15941279,Alexio,Antonius,Runnicles,Hales,12/17/1976,65986 Stoughton Pass,1496
321,23109556,Phylys,,Trevaskiss,Druhan,9/25/1971,38 Drewry Park,1198
322,28160174,Thor,Cindi,Street,,4/29/1983,00 Hintze Drive,1338
323,24736998,Irena,Ondrea,Bramelt,,6/17/1992,442 Esch Circle,538
324,23692375,Giustina,Lynn,Bastian,,1/5/1999,13912 Sullivan Pass,691
325,29813477,Denis,Davon,London,Leed,10/22/1981,21 Blaine Junction,1482
326,31041916,Clair,,Stearnes,Jedraszek,12/25/1982,59550 Banding Center,1228
327,32785078,Pippa,Gustave,Viscovi,,4/5/1976,6 Eastwood Park,1231
328,33344828,Britt,,Marriott,Dunkinson,5/31/1976,6149 Linden Place,626
329,14269167,Mikkel,,Maffione,Wynter,9/22/1995,5133 Hoffman Parkway,556
330,26443824,Elke,Benni,Seeley,,2/20/1985,8 Eastwood Junction,892
331,30524454,Vinny,Katya,Tewkesbury,,10/30/1983,56 Nevada Lane,943
332,12145157,Bridget,,Gooch,Tingcomb,8/24/1973,04404 Northfield Pass,1168
333,16695704,Grace,,Chester,Olney,5/1/1979,57727 Nevada Parkway,1424
334,17901869,Jerad,Herbert,Woodhams,,7/25/2007,88 Northport Terrace,885
335,26702749,Osbert,Susy,Elward,Bakes,8/14/1970,9 Moulton Hill,560
336,17554611,Alis,Claus,Govenlock,Wall,4/6/1992,414 Monica Hill,925
337,13536077,Aurelea,,Rigardeau,Gavan,1/3/1961,2813 Shoshone Place,848
338,32934266,Lorain,Winne,Stimpson,Bushby,10/6/1975,6 Golf Hill,986
339,19166504,Maurine,Leonardo,Varden,Fardell,7/6/1981,28888 Stone Corner Point,1242
340,16732927,Ramonda,,Von Salzberg,,8/7/1975,9213 Declaration Point,1121
341,18289766,Ivonne,Margette,Trevaskis,Sore,4/8/1971,91630 Nobel Place,570
342,31177664,Emili,Ingelbert,Kubera,,9/15/1981,4 Merrick Trail,1315
343,21460848,Kellie,Alyson,Grigolashvill,Leathlay,4/4/1963,36 1st Road,974
344,23678343,Sherwood,Adelind,Dyball,Gossan,8/8/1988,47786 Porter Crossing,502
345,22514655,Annnora,Laurent,Loades,Pimblett,8/27/1996,2 Bowman Hill,826
346,32927988,Pammy,,Kewley,,3/28/2006,13 Transport Place,375
347,17984809,Ashien,Ellswerth,Croyser,Pautot,4/25/1969,07706 Dottie Place,1249
348,25076142,Terence,Guillaume,Drillot,Tuck,9/25/1987,7 Esch Parkway,1472
349,28346167,Sadie,,Thowless,Richichi,6/3/1974,1917 Pawling Plaza,953
350,33376527,Sile,,Wheway,Craggs,3/15/1998,4 Kings Drive,702
351,11818738,Jerad,Scarlett,Butten,O' Concannon,3/5/1981,5119 Steensland Center,1284
352,17192200,Valenka,Ced,Christoffels,Jewiss,5/31/1987,6 Bonner Street,1038
353,17931711,Guendolen,Rick,Shewry,Gynn,5/15/1994,2 Dennis Drive,764
354,18680078,Durant,Jammie,Dmitrienko,Sleigh,6/6/1995,6 Lake View Street,1312
355,24580044,Mayne,Carlotta,Sancias,Grim,7/21/2006,94 Mayfield Circle,508
356,14970200,Hogan,Shannan,Avramovitz,Seeney,6/1/2004,60 Daystar Hill,981
357,32507590,Marley,Margarete,Mandre,,5/7/2003,62 Eliot Road,1266
358,13253660,Eleen,Carlos,Bridson,Burdin,3/19/1999,66 Roth Lane,545
359,11104337,Abramo,Avie,Martynov,,3/12/2004,57 Melody Parkway,1300
360,23262040,Randi,Kirstyn,Fleischmann,Cirlos,2/2/1966,751 Coolidge Center,1115
361,27524582,Molly,Lamond,Bowe,Carvill,10/4/1999,324 Hoepker Parkway,829
362,26074435,Bethena,Hersh,Winscomb,Waldren,9/26/1963,21742 Surrey Place,632
363,27904130,Hyacinth,Connor,O'Scandall,Tyt,6/15/2005,8479 Jenna Drive,1245
364,13889716,Willi,Jordan,Shenfisch,Haxbie,8/30/1983,015 Di Loreto Trail,405
365,26409525,Leif,Weber,Spellacey,Klimov,10/28/1990,1 Fisk Way,1195
366,28293050,Latrena,Swen,Goodrick,Joao,12/13/1999,250 Annamark Park,381
367,26012856,Verney,Fidela,Hosby,Seamarke,1/22/1987,1619 Schiller Point,480
368,27801730,Aliza,,Dawton,McLucas,1/22/1989,8 Hovde Circle,558
369,20265168,Chick,,Blune,Glasscoo,9/26/1993,64 Anderson Drive,1406
370,11866840,Lilla,,Dodworth,,4/6/1974,100 Continental Junction,1100
371,15199579,Almeta,Bay,Brakespear,Ashby,3/5/1981,668 John Wall Trail,1381
372,27141939,Tyrone,Emanuel,Longstaffe,Downe,1/25/1993,77884 Fieldstone Circle,1477
373,17354559,Earl,Peterus,McRuvie,M'Quhan,3/12/1996,4764 School Crossing,502
374,23737468,Gwyneth,Giselle,Blooman,Kew,3/25/1974,159 Orin Street,1353
375,24213927,Vite,,Bimrose,Nabarro,11/5/1997,8054 Village Terrace,1476
376,29048875,Bernette,,Klaiser,Crickmer,4/5/1980,30769 Mariners Cove Parkway,646
377,23449643,Alma,Nata,Collard,Krochmann,12/8/1966,140 Brickson Park Pass,1156
378,23493555,Arielle,Iolanthe,Espinet,,3/8/1982,7 Pearson Center,410
379,23166004,Vita,Leonardo,Hanshaw,Portchmouth,10/20/2004,6 Walton Terrace,481
380,20539148,Karyl,,Gorham,,8/19/1990,62059 Artisan Place,376
381,17216396,Karol,Marthe,Priscott,Meany,9/10/1995,92 Dayton Street,1194
382,21465024,Avictor,Mattie,McKinty,Joincey,3/4/1992,23053 Carey Junction,573
383,33436179,Petunia,Amby,Houlworth,Hogsden,12/27/2007,2 Harbort Junction,587
384,27760835,Sula,Biddie,Bleazard,,7/8/1979,543 Russell Point,940
385,16613425,Trudi,,Berk,Stoile,5/24/1990,45 Summit Circle,980
386,13167053,Crista,Jard,Scutter,Minihan,2/8/1985,302 Grayhawk Point,918
387,16974347,Gibb,,Cockrell,Pavolillo,6/25/1996,12 Jenifer Junction,1219
388,15736219,Cassy,,Blaiklock,,4/22/1976,9 Petterle Circle,430
389,31722680,Gayel,Ranique,Bawcock,Stevani,3/31/1976,9 Sauthoff Circle,941
390,24582361,Persis,,Coxhell,Dillaway,4/4/1979,579 Huxley Street,1004
391,31467468,Laure,,Kissock,Mytton,3/25/1994,45 Westport Pass,1341
392,11506661,Dieter,,Sheryne,,3/28/2008,7109 Blaine Pass,582
393,12302439,Sim,,Bysaker,McCrum,11/8/1983,66 Hovde Center,1496
394,31879097,Kamilah,Sheppard,Diegan,Tollett,3/25/1997,7 Lerdahl Plaza,519
395,25458895,Gelya,,Battrick,Jagiello,7/3/2004,264 Meadow Valley Avenue,1322
396,29137321,Lorens,Madeline,Lewsie,Briers,10/8/1995,404 Rutledge Trail,822
397,28829925,Edin,,Jobbins,Palethorpe,5/15/1971,61 Esch Alley,1204
398,30554281,Devlen,,Bezzant,Dimmock,11/20/1975,46516 Dixon Drive,1120
399,18485907,Dorree,Keane,Marshal,,10/8/1978,73530 Hazelcrest Lane,769
400,22495187,Koressa,,Leaver,O' Byrne,4/16/1982,71815 Waywood Lane,1161
401,24783221,Jourdain,,Alders,Rayson,11/15/1994,96373 Calypso Street,642
402,17075852,Robinet,Melvin,Wixon,,12/1/1976,1 Talmadge Alley,789
403,34069658,Hobart,Arie,Thombleson,,2/24/1987,71100 Huxley Plaza,677
404,17627254,Abbe,Josefa,Vaneschi,Keirl,4/27/1971,3568 Maple Park,890
405,12704979,Ulric,Gabbey,Mecco,,6/15/1970,3451 Maple Point,507
406,22958074,Tucker,Feliks,Forsdicke,,8/13/1968,96364 Hoard Way,993
407,22129246,Sileas,Judas,Grunnill,Coolbear,11/7/1995,8 Fallview Alley,1289
408,25352632,Justis,Arlyn,Somerset,,6/10/1962,43 Hoard Way,974
409,29487937,Sephira,Hildy,Gomby,Imloch,9/2/1991,0995 6th Point,1271
410,17791910,Marsha,Min,Physick,Woollons,5/9/2004,17915 Pepper Wood Point,1240
411,28528375,Waldemar,,Agate,Craigs,6/27/1986,1486 Farmco Place,626
412,15565364,Carleton,Marybeth,O'Corren,Dufore,2/11/2003,08 Lakewood Park,663
413,30968406,Elinor,Sherwin,Mattedi,Lammertz,10/5/1991,22 Waxwing Center,647
414,26743018,Nesta,,Reckus,,7/29/1989,1576 Cambridge Circle,1226
415,19824443,Veda,Cariotta,McAw,Kersey,6/3/1974,8924 Lakewood Park,1000
416,26700013,Ethelda,,Tommasuzzi,Bowden,4/6/1984,45 Village Court,674
417,20495614,Vallie,Cassie,Elnor,,4/21/1964,4 Waxwing Alley,457
418,11458765,Babara,Edward,Van den Bosch,Lowings,5/20/1974,829 Scott Hill,929
419,25822813,Inesita,Ramona,Cuddehay,Harbard,8/22/2000,99582 Arrowood Lane,1347
420,27581287,Melisa,Cheslie,Palay,Coyte,5/9/2003,980 Anniversary Terrace,1039
421,21851638,Killie,Miran,Trengove,,6/27/1965,612 David Plaza,566
422,29895244,Shanta,Tamarah,Wagstaffe,Dymidowski,6/21/1999,18 Sycamore Junction,1493
423,32079389,Gawen,,Gilliam,Barhem,9/27/1960,915 Sunfield Alley,1189
424,19699500,Oby,Carmelia,Groger,Brenard,11/27/1995,2175 Esker Court,467
425,10968577,Max,Adrianna,Enstone,,1/10/1966,249 Lyons Circle,737
426,23118329,Averell,Fran,Himsworth,Klees,10/7/1993,9470 North Trail,1348
427,23476521,Demeter,Enrika,Iacomelli,Matchett,12/12/1978,54674 Pearson Terrace,1460
428,19018742,Rockie,,Conman,Lovick,4/24/1986,51 Declaration Center,751
429,33740521,Marilee,Lucilia,Mundie,,12/31/2004,34843 Atwood Street,1043
430,19879185,Hurlee,Fidel,Garrals,,5/31/1988,639 Chive Parkway,1006
431,27933723,Leone,Iona,McCarrison,Pere,5/30/1973,2747 Swallow Junction,741
432,18941544,Rex,Nola,Cumo,Smallcombe,6/21/1969,14 Golf Course Junction,799
433,33096279,Dev,Aprilette,Patullo,,11/29/1976,8613 Fieldstone Court,814
434,21911578,Field,,Scothorn,Wakenshaw,7/28/1989,14329 Mendota Plaza,601
435,16744519,Nataline,Gabe,Benton,Lechelle,4/23/2008,56881 Thompson Pass,1443
436,22459389,Charlie,Karine,Elcum,,11/23/1978,71 Elgar Circle,1486
437,29626277,Norine,Francklyn,Kasting,Burmaster,10/30/1989,70 Heath Place,1229
438,33562976,Maisey,Tucker,Sapson,,6/10/1965,1670 Ridge Oak Point,938
439,25453523,Lamont,Lizette,Lillford,Ferrettino,7/20/1982,12659 Little Fleur Avenue,1057
440,18448355,Wilburt,,Bark,,10/30/1983,4098 Hauk Lane,1248
441,30331158,Ambrosius,,Komorowski,Lafay,7/9/1972,395 Lyons Place,918
442,29384125,Hallie,Nani,Theakston,Furbank,4/28/1993,1 Corry Center,962
443,18764284,Chevy,Emera,Bitterton,,12/28/1966,02415 Algoma Center,1467
444,32405062,Kirsteni,Ermengarde,Janu,Shinn,6/11/1988,39 Roth Crossing,828
445,19891509,Manuel,Andrew,Lorant,Birkby,10/15/1973,6612 Paget Hill,1423
446,16505969,Egan,Linea,Burchfield,Dudson,10/25/1993,5226 Daystar Avenue,628
447,18132658,Emmi,,Carnalan,McKune,6/14/1996,4374 Lillian Trail,1115
448,27983064,Vale,Shirley,Eddisford,Krolik,5/27/1962,17 Menomonie Court,1162
449,14377175,Alyssa,Jozef,Stidworthy,Veltman,11/11/1979,222 Mallory Trail,936
450,27075041,Thaddeus,,Riseborough,Arnaez,5/9/1964,6 Texas Crossing,1291
451,15392490,Mel,Lotti,Bernli,Soanes,8/18/1976,9271 Fieldstone Point,446
452,25829349,Dani,Meriel,Hanssmann,Grotty,8/30/1973,0335 Logan Street,513
453,24851126,Danny,Vitia,Blankhorn,Garling,8/29/1974,17 Jackson Way,1311
454,29944759,Edan,Nollie,Grigoliis,Dewberry,7/10/1980,90 Park Meadow Avenue,1175
455,13591813,Wilie,Brooke,Loughan,Eliet,8/8/2007,75392 Kim Drive,676
456,34026170,Sonni,,Tredgold,,10/30/1967,2876 Fallview Avenue,1377
457,30052305,Amelita,,Atling,Labadini,5/10/2007,0 Cody Junction,1475
458,22628116,Candy,Ulrick,Hartland,Doohan,2/3/1978,69781 Corben Drive,508
459,30722079,Jessie,Deborah,Jamrowicz,,4/20/1980,620 Jana Terrace,426
460,23957256,Salomi,Jorey,Pitrelli,,11/3/1962,61 Superior Pass,1073
461,23832594,Buddy,Ber,D' Angelo,Grindell,10/27/1997,70 Donald Street,1004
462,18740152,Maddalena,Davide,Sweatman,Pigott,12/29/1967,6 Kinsman Terrace,1385
463,12576098,Rafaelia,Karita,Gamet,Keough,6/23/1986,77 Oak Valley Way,603
464,25477398,Vaclav,,Mapledorum,Desaur,5/1/2004,150 Mesta Avenue,664
465,17892321,Quintana,,Ricket,,2/23/2008,2 Valley Edge Circle,1296
466,13471509,Roz,Kara,Dumbrall,,5/22/1999,16 Roth Street,843
467,28905404,Delila,Hew,Beevers,,12/9/1998,6 Sullivan Circle,536
468,14083601,Norris,Rollo,Wassell,Pridmore,8/25/2005,5494 Packers Place,715
469,20003684,Jessi,Elke,Aspray,Humbell,2/12/2006,04 Village Green Street,514
470,29264704,Errick,Edyth,Duggen,,8/25/1989,683 Onsgard Lane,1167
471,20072629,Marlo,Brigg,Collister,,9/27/1963,66 Carioca Parkway,1471
472,19136757,Luis,,Winfindale,Kiff,1/27/1972,87270 Westport Alley,494
473,27540739,Finley,,Yea,Bock,12/12/1997,301 Glacier Hill Point,794
474,30011395,Conni,,MacAlinden,Martindale,7/6/2003,474 American Ash Way,799
475,13753137,Billye,,Berrecloth,Knightly,7/17/1980,0 Eagle Crest Terrace,928
476,13816778,Demetria,Denney,Spellissy,Geist,5/14/1969,382 Melody Street,489
477,32566350,Powell,,Sergeant,Pechan,3/15/1997,96065 Crest Line Court,895
478,15391905,Eugine,Norry,Lachaize,Renwick,2/6/1991,521 Clarendon Crossing,463
479,17079302,Flossy,Jobie,Beresford,Vuitton,10/27/1964,44400 Prairie Rose Plaza,713
480,20179704,Bernie,Douglas,Gatehouse,,7/25/2005,660 East Street,1096
481,12926989,Reinold,,Abelson,Klesl,9/2/1995,75217 Hansons Pass,1477
482,19978951,Bail,Peyton,Titchard,,6/28/1979,79005 Magdeline Street,1488
483,31443956,Prince,Jena,Bolduc,,11/20/1999,1980 Green Plaza,483
484,30762597,Clim,Kip,Purvey,,10/8/1977,0 Oak Alley,1048
485,16697257,Hannah,Aundrea,Minett,Danjoie,12/31/1969,68 Shoshone Drive,492
486,16673047,Joanie,Cyndia,Frantz,Scrimshaw,10/29/1988,52 Union Center,1481
487,28494804,Daniel,Roxanne,Dutson,,4/28/1999,5 Hoard Center,1261
488,27615898,Kane,,Rodinger,,7/9/1997,46 Rusk Circle,1433
489,32578981,Deedee,Francyne,Jobbins,Heigold,10/16/1977,61 Manufacturers Park,601
490,18316847,Penelopa,Waite,Ondrak,Bartalucci,9/10/1990,06134 Manufacturers Terrace,984
491,24115770,Natale,Peggie,Perago,,9/22/1994,56847 Toban Plaza,737
492,28105966,Ada,Kingston,Jouhning,Augie,5/20/1966,23 Jackson Center,572
493,30399200,Jdavie,Griselda,Dunne,Drogan,7/2/1977,36271 Hoard Way,1138
494,16318825,Isabelita,Julee,Hartwright,Ballaam,10/14/2006,23 Monument Plaza,1041
495,14159177,Priscella,Kylie,Mahoney,Van Driel,1/5/1998,1 Sloan Court,416
496,10046652,Marge,Jolee,Dran,Cordobes,10/21/1971,48 Straubel Way,619
497,25695899,Holly-anne,Rubin,Joisce,Skeels,9/2/1970,052 Oak Valley Park,502
498,33176719,Hermie,Shae,Ortes,Kennedy,8/4/1999,77601 Veith Junction,594
499,32115007,Parsifal,Abbi,Klemmt,Pickthall,5/20/1961,270 Prairieview Park,1487
500,25911213,Leon,Tabb,Ronchetti,Draisey,8/9/1969,5577 Schiller Lane,1363
501,25210766,Rafaello,Aretha,Baskerfield,Kelmere,11/28/1994,62 Judy Lane,900
502,23970660,Maisie,,Marling,,1/24/1975,8755 Southridge Street,1131
503,32513641,Leif,,Matisoff,,4/12/1973,46 Anzinger Hill,421
504,33637438,Reine,Bernhard,McHardy,,1/29/1987,732 Montana Center,1006
505,12419797,Elton,,Jordanson,,11/9/1964,085 Messerschmidt Terrace,1200
506,15846631,Viviyan,Hilary,Isgar,Byles,12/16/1982,604 Mitchell Park,1388
507,20762927,Rouvin,Leroy,Denziloe,,4/11/1977,61 Almo Road,907
508,33292938,Lorita,,Ughelli,,2/4/2008,7148 Troy Center,487
509,32046906,Beltran,Raymund,Clarke,McBain,1/21/2006,24794 Tony Crossing,783
510,11190882,Millicent,,Livingston,,12/20/2000,00638 Trailsway Street,1354
511,28291779,Rozella,,Eccles,,9/1/1974,35 Mockingbird Place,1238
512,26687369,Danika,Ashla,Eskrigg,Hainsworth,1/27/1991,604 Hoffman Junction,577
513,25777336,Justinian,Norine,Stonelake,Embling,12/29/1997,115 Harper Pass,683
514,15294471,Isabeau,Em,Hatchette,Sellars,5/14/1988,5 Kim Park,1207
515,30000106,Jerome,Hayward,Kaliszewski,Hamal,9/2/1965,71457 Menomonie Point,612
516,28239208,Adriaens,,Cursey,Sheen,2/12/1987,772 Coolidge Way,500
517,22067464,Hetti,,Bolstridge,Belderson,11/24/1973,9723 Summit Park,685
518,32447642,Amerigo,Datha,Youde,Riccardelli,10/13/1999,1495 Grayhawk Street,817
519,10829376,Lynnett,Latashia,Thewless,Lichfield,2/27/1996,14561 Elka Road,1224
520,17152175,Sheffy,,Sloy,VanBrugh,11/8/1982,6773 Talisman Hill,616
521,21716379,Nata,Leodora,Widd,,4/9/1975,5572 Tony Place,463
522,28599079,Esmeralda,,Wasiela,Ghelarducci,12/21/1975,81 Center Hill,1411
523,20102190,Thomasina,Mame,O'Cooney,Wherrett,10/10/1970,577 Fulton Road,595
524,27571505,Seymour,Arlinda,Pinchin,,12/25/1974,651 Kim Alley,460
525,24821999,Blanca,Trudie,Laundon,Owenson,11/20/1974,1064 Dwight Way,1276
526,29868799,Sorcha,Sherline,Reston,Raulin,12/1/2002,537 Garrison Point,442
527,11151344,Cassey,Kristel,Leyborne,Handmore,8/19/1979,35 John Wall Trail,922
528,27598587,Lonna,Dona,Ackenhead,Upstell,2/9/1997,501 Sunnyside Drive,653
529,28461322,Rosalinde,Derby,Pirkis,Uridge,2/18/1971,61401 Morrow Road,1407
530,33234063,Dee,Kiel,Doll,Bradwell,10/21/1975,44 Waxwing Terrace,570
531,27905534,Harriette,Brinna,Yepiskopov,O'Lagen,9/20/2004,7 Veith Park,1346
532,30530480,Justine,Dominique,Chasney,Beazleigh,12/11/2002,7992 Duke Point,1262
533,30374827,Marijo,,Forgan,,12/23/1991,1 Monument Hill,772
534,25652648,Hollis,Gayle,Glamart,Dillicate,6/9/1975,2 Grim Place,372
535,18793405,Corrina,Tailor,Luard,Langmead,2/21/2003,6 Coolidge Road,1009
536,18365287,Lu,Brier,Thomasset,Akerman,5/10/2004,72 Merchant Lane,470
537,14229367,Genna,,Armsden,,3/23/1986,7 Express Crossing,718
538,33305898,Charmane,Indira,Brattell,Osgar,11/12/1993,9 Birchwood Pass,443
539,27480551,Agnes,Birch,Attril,,5/29/1963,538 Scoville Lane,566
540,20482211,Eloise,Ulrika,Flintoffe,,9/2/2005,07 Mendota Street,486
541,15390621,Trueman,Lesya,Saffill,,4/4/1966,7637 Vermont Crossing,420
542,21470775,April,Madeline,Chantler,Wilton,12/9/1971,1 Coolidge Alley,915
543,32351370,Padgett,,Iskov,Everiss,7/24/1969,7801 Artisan Point,1048
544,30910301,Fredi,Tammy,Hubbocks,Gilling,4/26/2004,456 Blaine Court,1273
545,27578924,Michale,Ilise,Guile,,1/21/2002,066 Nova Terrace,1001
546,14592150,Tore,,Duplan,,2/14/1972,257 Prairieview Crossing,1159
547,28144970,Wanda,,Kedslie,,6/23/1989,53 Prentice Junction,1208
548,20194536,Farand,,Jochens,Hellyer,9/8/1991,89661 Springview Road,748
549,33215501,Bryan,,Pole,,2/12/1994,7 Transport Parkway,1424
550,29772084,Ashley,Lurleen,Schimaschke,Merlin,7/13/1991,88306 Luster Circle,814
551,12894596,Shanan,,Slessor,,12/31/1982,205 Arrowood Trail,1443
552,15521196,Milicent,Nollie,Gleadhall,,4/24/1967,256 Melrose Road,840
553,16144234,Marget,Robinet,Clever,,4/14/1998,10 Arapahoe Terrace,709
554,28337115,Giacopo,Lorenza,Rupke,Furniss,12/1/1963,4 Luster Point,757
555,16475107,Trey,,Penvarne,,3/9/1986,607 Bay Terrace,1490
556,11286408,Bess,Baryram,Sansome,Swalwel,4/7/1973,7413 Oak Valley Way,528
557,33532429,Ramonda,,Grinvalds,Crompton,6/14/1997,85345 Kinsman Lane,525
558,23467400,Giraldo,Anabelle,Sutlieff,Wudeland,8/21/1973,3143 Dapin Crossing,1001
559,25540792,Erminie,El,Martinat,Readhead,4/12/2000,2 Gale Street,1280
560,25790751,Ginnifer,,Kleint,Duggary,9/9/1987,78 Morningstar Park,1079
561,16852608,Melodie,Ruben,Verheijden,Colaton,8/11/1976,1745 School Avenue,877
562,23252071,Gerta,Isaiah,Swinford,L' Anglois,10/12/2004,230 Bay Junction,403
563,12055388,Mikol,Zena,Pickerin,,11/21/1976,87032 Dexter Plaza,637
564,27824373,Aubrey,,Cawkill,MacClure,5/18/1966,7908 Main Hill,1105
565,14505543,Lilli,Flossie,Gibbe,,7/8/1995,58561 Lakewood Place,1209
566,27283230,Gussi,Loleta,Surmeyer,,12/1/1961,79 Forest Run Court,798
567,16277356,Gweneth,Danya,Crush,Randales,4/26/1971,6286 Columbus Hill,916
568,22852236,Bastien,Benedicta,Hovard,Woliter,1/27/1988,00 Cherokee Point,1234
569,16449109,Suki,,Liggons,Jaqueminet,11/29/1972,9 Ohio Point,767
570,34214923,Carlie,Marilee,McCaig,Bartholat,12/30/1980,2 Maple Wood Way,1157
571,27710306,Luther,Hakim,Cristofor,Hollindale,5/5/1993,6442 Onsgard Trail,636
572,26820672,Vidovic,Claudelle,Baton,Gutman,8/22/1976,5707 Browning Center,736
573,26125427,Carolann,,Sprigging,Jiras,3/30/1995,329 Porter Parkway,1429
574,27883675,Killie,Colman,Eggins,,9/13/1996,50785 Bultman Terrace,570
575,16776145,Hurley,Conroy,Cadman,Thom,11/15/1967,11 Buhler Place,1017
576,17691457,Michelina,Marjie,Head,Poulney,2/6/2006,0399 Maple Wood Pass,1145
577,28078382,Leeann,,Lys,Cestard,8/12/1985,121 Hoard Junction,1278
578,28392332,Caryn,,Fermoy,Votier,8/21/1976,37 Petterle Plaza,1238
579,32352315,Heda,Ellene,Wurst,,1/31/1974,18 Riverside Way,772
580,27580193,Sofia,,De Avenell,,7/25/1994,7 Blaine Junction,1103
581,14951596,Maje,Mal,Grinyakin,,11/28/1966,1 Bobwhite Junction,1334
582,27333758,Tabbatha,Harri,Milsom,,4/20/2006,146 Grayhawk Terrace,1380
583,26305497,Harry,Charlotta,O' Mullane,Cowherd,8/16/1972,2340 Karstens Crossing,731
584,19684109,Laverna,Deb,Fidell,Clayborn,12/27/2007,8191 Kenwood Lane,537
585,11117329,Yule,Coreen,Randleson,,6/26/1984,03 Ramsey Plaza,525
586,29523909,Eleonora,Quinn,Schimon,,3/25/2005,18 Mockingbird Place,966
587,19843645,Jasper,Lusa,Carles,Goman,4/5/1999,80 Little Fleur Terrace,718
588,11551989,Elysia,Sheilakathryn,Danslow,,11/5/1979,942 Dahle Alley,776
589,12202692,Normie,Virgina,Tetther,Trevena,4/10/1976,58263 Delladonna Road,487
590,19804688,Irena,,Iddiens,,12/20/2001,543 Eliot Hill,1004
591,13726469,Stephanus,Koral,Le feaver,,6/22/2003,5 Meadow Vale Court,754
592,32263622,Haskell,,Ebbin,,7/10/1977,218 Brickson Park Street,1239
593,33739284,Elyn,Duff,Lomasna,,8/15/1993,1 Anzinger Drive,690
594,22810779,Happy,Swen,Beadman,,7/2/1982,5800 Monterey Drive,625
595,25521732,Purcell,Lorette,Rudman,Gillice,5/10/1962,8 Dunning Junction,1459
596,18997272,Biron,Sheridan,Langham,Albro,2/24/1987,34 Gina Circle,680
597,31158715,Stanley,Orran,Torr,,7/16/1985,2862 Butterfield Way,1116
598,28064128,Quintin,,Treleaven,Redier,12/22/1991,9 Parkside Crossing,1435
599,11659311,Avictor,Kellina,Slowly,,11/2/2007,06163 Crest Line Park,953
600,22139040,Marney,Abdel,Broader,De Bruijn,11/21/1992,84 Novick Crossing,1161
601,25613198,Molly,,Mouland,,12/15/1989,30 Westridge Parkway,891
602,24562125,Rutherford,Hally,Hubbold,Tidbold,10/18/1988,5303 Becker Pass,1492
603,31869847,Elsa,Rudyard,Jancey,Ions,11/24/2006,950 Reindahl Plaza,767
604,14883991,Jeromy,Monika,Sauvage,Emmot,4/4/1979,24536 Ludington Street,1092
605,33727515,Sal,Adler,Barsby,Ivashov,6/12/2001,30999 Maywood Junction,1097
606,10394992,Pavla,,Dyer,Allibon,7/22/1970,79 Goodland Drive,1213
607,24241508,Phyllida,Rutherford,A'Barrow,Baccus,11/23/2000,3101 5th Hill,762
608,21397906,Ainsley,Madella,Bend,Grievson,11/28/1976,99911 Heath Court,547
609,31341297,Winslow,,Millward,Jouannisson,1/5/2004,74 Southridge Pass,1386
610,12725806,Hermina,,Sermin,,8/23/1983,4200 Anniversary Avenue,1076
611,25757095,Orland,,Gabbot,,7/9/1980,90 Burning Wood Avenue,871
612,16216685,Bernice,Melvin,Lemmanbie,Ruffli,5/4/1987,133 Montana Terrace,823
613,19977188,Desi,Chad,Christofol,Kornyakov,8/23/1990,73 Prairie Rose Plaza,1383
614,20294566,Malissa,Annnora,Whittles,,9/1/1996,406 Colorado Park,1182
615,10070350,Alexandro,Russell,Dillinton,,11/14/1962,0 Fisk Crossing,1035
616,25286006,Lindie,Margot,Morrilly,Grossier,6/12/1968,334 Crownhardt Pass,681
617,17627317,Adams,Zuzana,Ramsbottom,Adriaens,12/30/1971,122 Center Circle,1234
618,10615337,Haydon,Annabelle,Baude,Popland,3/28/1993,56356 Alpine Plaza,1351
619,13607880,Alethea,Dasie,Godehard.sf,Sommerville,2/8/1990,402 Lakewood Gardens Place,1200
620,23782134,Hardy,Jenine,Chadwen,McKean,8/2/1999,36232 North Trail,1438
621,31496013,Jase,Karine,Niblock,Sandhill,1/30/1991,448 Summer Ridge Circle,1436
622,30870542,Minette,Wilmette,Quare,Sappy,10/5/2002,4322 Bartillon Alley,661
623,33525975,Riane,Warner,Colvine,,8/24/1977,3300 International Place,1219
624,12915243,Meghan,Rab,Janatka,,6/25/1963,809 Tennessee Crossing,1256
625,33068655,Hussein,Kendricks,Enderle,McCloch,3/17/2003,45078 Tomscot Plaza,987
626,34172034,Magdalena,Scarlet,Taillard,Fernao,7/9/1972,92122 Del Mar Terrace,1275
627,10278293,Valentin,Celestyn,Pietruszka,Purslow,3/5/1981,82816 Emmet Terrace,813
628,31780796,Remington,Eal,Cud,Yankin,4/23/1974,9 Prairie Rose Drive,992
629,10863611,Frederique,,McNutt,Vowell,7/29/1963,7 Larry Trail,966
630,21292601,Nanice,Kirsti,Stickells,Pockett,12/25/1972,9493 Northwestern Parkway,1052
631,18353822,Alison,,Swindles,,9/1/2004,84 Fuller Hill,770
632,34781766,Aurore,Maggie,Drysdall,Ducroe,7/3/1973,49 Lawn Crossing,690
633,17602151,Tybalt,,Sivior,Danilov,2/21/1979,9384 Sullivan Center,1020
634,22025692,Ewart,,Woolhouse,,1/26/1986,4 Hazelcrest Pass,1398
635,32589557,Cristin,,Emmanuele,,11/16/1999,2 Loeprich Drive,759
636,27732069,Portia,Waiter,Sleite,,11/19/1978,4 Sycamore Center,539
637,16781102,Pia,,MacNeish,,2/20/2006,6603 Sullivan Park,1172
638,16123304,Clevey,Heidi,Bemlott,,7/28/1996,942 Lotheville Junction,1185
639,33312914,Shannen,Florina,Burgen,Avison,7/16/1976,43582 Charing Cross Avenue,1470
640,20962491,Annalee,Rich,Kelso,Hoffman,9/28/1976,44703 Roth Lane,993
641,25048535,Rocky,Konstanze,Wanden,,6/23/1974,3 Ohio Lane,1283
642,26187504,Howie,,Morrice,,12/31/1993,21 Park Meadow Hill,579
643,34520846,Darby,Stefano,Tuddenham,,2/17/1971,29 Grayhawk Place,409
644,34414261,Lalo,,Loveitt,Gurry,10/28/1996,09 Upham Drive,937
645,27906254,Ynes,Lukas,Capell,Fleckno,7/11/1964,2 Dahle Circle,600
646,18193499,Stearne,,Denziloe,Varney,12/25/1983,8611 Pepper Wood Drive,1124
647,22889126,Deidre,Bernetta,Lethbury,,7/30/1985,97 Arrowood Way,1182
648,13366638,Meredith,Adriaens,Kenealy,,5/31/1963,3 American Park,1197
649,21678187,Brunhilda,Tiebold,Erington,Baswall,9/4/1991,9 Cordelia Pass,1428
650,20537702,Leia,Lindon,Pendleton,Le Friec,2/5/1997,85093 Hanson Court,809
651,14683574,Eberhard,,Bruggen,MacShirie,2/4/1978,57463 Rutledge Road,944
652,32147851,Natal,,Doey,,11/15/1993,83847 Ohio Pass,1205
653,31594858,Ransell,Gardy,Philler,,4/16/2004,48 Hallows Park,736
654,34838621,Tymon,Mohandas,Smithen,Jirousek,11/12/1973,43796 Summerview Plaza,478
655,20522223,Jimmy,Emlynne,Conniam,Bladon,6/30/2006,57 Oak Point,914
656,15889006,Kandace,Gabrila,Stanier,,4/30/1962,6 Lien Point,1351
657,17717839,Monroe,Dwayne,Goold,Eslie,12/1/1962,9 Onsgard Drive,1287
658,23300165,Chris,,McQuorkell,,8/2/2003,7734 Mandrake Drive,1459
659,21102434,Marijo,,Hartzenberg,Murfin,2/1/1970,664 Florence Junction,1131
660,10944635,Tony,Noella,O'Lochan,,2/17/1994,6378 Fieldstone Lane,367
661,22708311,Natalee,Selby,Bearham,Buttery,9/14/1991,37 Schmedeman Place,536
662,31537674,Raychel,,Knell,Croux,7/31/1981,97672 Meadow Vale Plaza,1198
663,14240549,Leif,Thorstein,Hailes,Cheake,5/17/1968,55 Iowa Crossing,913
664,13196189,Roderigo,Ruperta,Dutnell,,9/14/2007,2 Annamark Hill,1071
665,29811090,Judd,Ilsa,Tacey,Pyne,6/30/1976,8 Delladonna Center,1333
666,31678225,Hynda,,Skipworth,O'Hanley,8/17/1968,06 4th Avenue,1096
667,19379185,Theresa,Gayel,Kiledal,MacGrath,1/6/1973,06 Saint Paul Lane,364
668,15107297,Dudley,Pearl,Bretton,Dreher,4/26/2002,384 Memorial Pass,582
669,32935282,Carce,Pincus,Cockran,Sweetsur,7/5/2003,75 Florence Avenue,479
670,27266130,Charlot,Jose,Pyffe,Bampkin,3/20/1987,18 Gerald Park,1315
671,33547747,Stearne,Timmie,Melior,,12/29/1983,72101 Londonderry Center,1403
672,11002591,Xerxes,Valenka,Bescoby,Maplethorp,9/18/1977,8 Westerfield Point,1420
673,19503478,Elbert,,Quaif,Shambrook,1/31/2002,68190 Sachs Drive,759
674,16212041,Jard,,Stranaghan,Blackstone,12/4/2005,25028 Kennedy Lane,1119
675,21283180,Dur,Alika,Burwin,Chaster,9/10/1971,384 Amoth Road,489
676,19004424,Florenza,,Hickisson,Gallally,12/15/1972,7 Spenser Junction,850
677,33253261,Marcela,Viviene,Riall,,10/3/1988,25 Graedel Junction,701
678,22068646,Kevin,,Archambault,Wooffinden,11/25/1974,3 Westport Circle,678
679,19354614,Glennie,Annemarie,Truman,,5/17/1966,1631 Artisan Center,364
680,31291713,Ree,Caresa,Arrundale,Elsie,11/17/1977,1 Crowley Plaza,1006
681,32613544,Sheffield,Fraze,Paramor,Ghiraldi,7/23/1997,35 Anzinger Center,724
682,12570721,Aryn,Kingsly,Lawlee,Shorton,8/3/1986,32462 Schmedeman Lane,482
683,12577227,Pet,Brigham,Danne,,4/15/1970,730 Cottonwood Lane,1070
684,13233744,King,,Battams,Bonsey,4/6/1993,66 Mcguire Plaza,1472
685,30229527,Nikolas,Christoph,Darke,,1/18/1996,19886 Spenser Street,1092
686,12775337,Britt,Reinaldo,Spellar,Buney,6/4/1983,423 Lake View Center,682
687,30576625,Loretta,Marget,Bartaletti,Earlam,6/10/1964,26 Linden Hill,874
688,12868919,Kelwin,Grange,Mousdall,Guilfoyle,12/29/1971,40670 Quincy Point,679
689,31918817,Othelia,,Pashan,Benting,9/28/1997,7263 Duke Avenue,1310
690,25995215,Ike,,Diss,Bradnock,4/17/2001,34317 Nevada Alley,1231
691,21467408,Alberto,Audy,Bragg,Yannoni,11/4/1966,35424 Briar Crest Drive,1398
692,17314946,Helaine,Guss,Faivre,East,7/24/1978,979 Summer Ridge Circle,830
693,34587106,Morey,,Mash,Lilleman,1/14/1988,4 Parkside Place,482
694,16442554,Maxie,Florence,Chiommienti,,12/24/1993,2742 Transport Street,468
695,20647292,Xaviera,Gar,Marnes,,9/30/1963,15 Lunder Lane,1212
696,13313649,Collen,Connie,Breeds,Duprey,2/15/1988,05185 Holmberg Street,1194
697,24424942,Renae,Kat,Becerra,Mazin,10/30/2005,7 Corben Point,929
698,30909561,Gayle,Ailene,Reinert,Carden,4/25/1993,38 Paget Plaza,1432
699,26588291,Pierette,Arron,Duff,Badsworth,8/26/1974,450 Bartelt Plaza,1455
700,30375872,Rayshell,Brad,Laneham,Tomas,4/24/1985,7 Dwight Alley,412
701,16858008,Eduardo,Eben,Costock,,8/15/1980,7 Harbort Hill,746
702,29615931,Stanislaus,Herve,Sneden,Nice,2/3/1967,94 Mayfield Plaza,1152
703,29316166,Carlynn,,Anniwell,,9/24/1973,092 Pennsylvania Lane,1363
704,11007530,Sherie,,Klaassens,Bourdel,11/15/1969,0925 Buena Vista Lane,1265
705,14355464,Etty,Gabby,Lynde,Jeskins,1/20/1972,455 Starling Way,1418
706,21464245,Jim,Keely,Estrella,Grossier,8/4/1991,93 Hermina Crossing,1227
707,29467133,Cornie,,Twentyman,Kynston,2/21/1989,727 Bunker Hill Crossing,1072
708,31232357,Coriss,Stillman,Corton,,1/13/1966,09089 Cody Lane,859
709,14728695,Rea,Willy,Thody,Strothers,1/14/2001,44 Crownhardt Court,837
710,14995346,Gayle,Roy,Hellier,Bedborough,8/11/1971,30 Schurz Hill,439
711,29835524,Bette,Marcille,Cato,,6/8/1981,31 Prentice Terrace,375
712,28683401,Ewen,Hamid,Kinzel,Boutellier,4/29/1988,2 Lien Terrace,382
713,33503219,Arne,,Hundley,Marklund,11/23/1989,71 Russell Place,1269
714,11485181,Traver,Tammara,de Quincey,,2/6/1968,4280 Becker Drive,611
715,17212812,Morgana,Boonie,Winterflood,Laughrey,4/16/1980,488 Gulseth Drive,1424
716,14402474,Bethanne,Fredek,Blasli,,5/17/2000,7 Caliangt Circle,766
717,19442167,Martainn,,Remirez,Brend,2/11/1991,974 Burrows Junction,800
718,22549713,Manfred,Huntlee,Richarson,Cowdry,2/7/1981,30 Gulseth Pass,1264
719,24778622,Shayne,Erhard,Dimond,McLeary,7/9/1981,72 Iowa Place,563
720,24220845,Brenn,Flore,Darracott,Minot,3/19/1970,0 Lakewood Pass,1201
721,27220644,Melli,Ash,Edgecombe,Bark,12/9/1974,13 Del Mar Trail,850
722,28813998,Noreen,,Rigglesford,Dow,5/26/1999,76042 Logan Center,605
723,30106773,Cherianne,,Dell Casa,Hundell,1/9/2001,67445 Gerald Point,1458
724,23485476,Brigit,Noellyn,Bartolini,,3/4/1988,40340 Hanover Lane,418
725,17919365,Bertram,Marcellus,Hamby,Klaus,9/19/1996,69338 Lindbergh Drive,925
726,32707364,Vina,,Abdon,Stayte,5/30/1971,3 Bay Point,930
727,27855716,Marijo,Jannel,Bareford,Boise,4/27/1985,31237 Bunker Hill Place,489
728,34524055,Othilia,Corabelle,Meakes,,10/14/1971,2486 Dapin Avenue,1108
729,33195491,Rayshell,Edgar,Petters,Buncom,1/5/1966,1684 Clove Crossing,1133
730,30447441,Shantee,Sean,Cooley,,6/26/1993,51992 Merry Place,1031
731,25991249,Jeralee,Laurianne,Tizard,Matthis,7/17/1994,82 Declaration Drive,735
732,24507935,Dori,Beulah,Woodthorpe,,3/23/1967,9 Rusk Plaza,1063
733,19975322,Catherine,Tommi,Goudard,Kerton,3/20/1991,4 Spaight Street,1052
734,19906853,Daisy,Ginnifer,Hannigane,Missington,8/8/1999,3 Forest Dale Circle,519
735,14472932,Briana,,Bayford,,3/2/1962,590 Brickson Park Hill,650
736,21065745,Gabi,,Tout,O'Cooney,6/28/1982,12697 Pine View Court,684
737,15782015,Nanny,Elsy,Vearnals,,11/7/1990,5 Loeprich Trail,541
738,21397953,Gabby,Sheeree,Humpherson,Chamberlin,11/5/1967,96887 Burning Wood Terrace,965
739,20888858,Gwenni,Doti,Scattergood,Insoll,7/25/1984,5 Boyd Alley,1469
740,34542381,Jazmin,,Dearsley,,8/9/1984,62 Anderson Parkway,888
741,14905621,Immanuel,,Safont,Fry,12/10/1968,3504 Prentice Terrace,1284
742,27720152,Adel,Shelbi,Hehl,,12/9/1981,1133 Barby Alley,1439
743,16480354,Beltran,,Mattioni,Pittaway,12/14/1993,58 Esker Crossing,607
744,25676616,Nicol,Candra,Schutter,,3/29/1970,75 Susan Parkway,686
745,28352937,Star,Steward,Paramore,Gough,8/9/1983,506 Village Green Court,1451
746,22573437,Reagen,,Greatbatch,Teacy,7/20/1988,5 Utah Plaza,976
747,13075831,Seth,Otes,Mateiko,,7/26/1963,666 American Alley,784
748,20647788,Deanne,Sibbie,Toler,Cornick,11/9/2007,3628 Carioca Park,561
749,28143094,Dell,Ode,Shalliker,Espinheira,7/31/1962,139 Londonderry Junction,1414
750,21237520,Mannie,,Clemot,Tylor,6/24/1991,1 Cascade Pass,871
751,17040797,Ingar,Tatiania,Sewill,,7/16/2002,01185 Hudson Hill,1364
752,22830961,Sadye,,Rubin,,3/23/1967,34 Dawn Crossing,1236
753,22637548,Adel,,Windmill,Thorpe,7/9/1991,347 International Park,635
754,13829221,Maxwell,Barth,Seeley,Langman,12/1/1969,15578 Stoughton Avenue,994
755,19097918,Guillaume,Tristan,Andreoletti,,7/11/1983,1 Bluejay Way,402
756,26920293,Christiano,Lela,Skedge,Pollastrino,9/29/1975,36 Hanson Point,456
757,19865661,Roi,,Roderigo,Tommasi,10/14/1991,06 Chinook Place,1316
758,19299812,Susy,,Pales,Marguerite,6/25/1970,665 Calypso Crossing,420
759,18040100,Mirilla,Pepillo,Kleinert,Basindale,9/19/1989,1132 Ridge Oak Alley,614
760,30913736,Meagan,,Odcroft,Goschalk,5/15/2007,58766 Mayfield Court,447
761,17287031,Ignacius,Neely,Dalli,Royse,10/23/1993,93 Petterle Center,1335
762,20247982,Selene,Barbe,Haslewood,Middas,9/17/2007,90 Barnett Way,1278
763,26905321,Tera,,Lademann,Hebbard,10/30/1966,968 Arapahoe Way,1192
764,17310748,Juline,,Farndell,,1/20/1993,243 Bayside Center,762
765,28694217,Irv,,Pattlel,,8/21/1991,074 Welch Point,862
766,20729609,Port,,Gocher,Janzen,1/28/1967,6 Upham Street,866
767,16526704,Fredelia,Axel,Scrase,Shenton,12/26/1961,0697 La Follette Junction,909
768,16592432,Ruy,Trumaine,Keerl,Roantree,4/13/1996,77408 Stuart Pass,1387
769,30308798,Andre,,Munday,McQuilliam,1/16/2003,96 Heath Plaza,985
770,12326086,Anjanette,,Aspinal,Brech,2/25/1967,22 Eagle Crest Street,553
771,30076285,Jerry,,Saul,Stranieri,10/24/1979,7 Red Cloud Drive,480
772,34663606,Tully,,Squire,,6/28/1997,3199 Lakewood Gardens Lane,1309
773,10907955,Boris,,Dict,Nornable,4/27/2004,2 Kennedy Terrace,1399
774,18547140,Augustus,,Bending,Zecchi,6/11/1992,88 Ohio Terrace,1072
775,23208683,Kiel,,Kildahl,Joutapaitis,3/1/1963,4601 Dixon Place,410
776,29333620,Shirlene,Zola,Swindin,Aiers,8/20/1964,7 7th Plaza,1074
777,26759938,Carolyn,Jobye,Kunath,,2/15/1984,8 Drewry Plaza,779
778,15327927,Munmro,,Cruess,Nealand,8/27/2002,69 Shoshone Lane,607
779,19624451,Brinna,,Thomson,Carnalan,11/1/2007,35 Warner Plaza,1393
780,11375799,Avery,Rosalynd,Clinton,Cotes,11/18/1989,54467 Oak Valley Lane,691
781,28659305,Tibold,,Flaubert,Stenbridge,9/12/2000,45861 Mayfield Lane,559
782,17559859,Chariot,Jeanna,Highway,,2/7/1986,014 Dovetail Lane,806
783,33374256,Chrystel,Laina,Somerfield,,8/5/2005,6412 Springview Circle,1229
784,26425234,Riobard,,Oxx,Doull,8/20/1988,0 Westridge Junction,1298
785,10374914,Darla,,Goshawke,Beauman,5/22/1982,539 Muir Plaza,1469
786,18719397,Vincents,Chan,Fronczak,Antonoczyk,8/15/1976,059 Coolidge Road,1493
787,30979930,Zachariah,Quentin,Risborough,Mathon,7/25/1978,1818 Sauthoff Court,466
788,22009076,Eddy,Halsy,Virgoe,Maruszewski,5/14/1975,68 Pankratz Trail,616
789,24468934,Dag,Cordelie,Perrelle,Goldsack,7/27/1976,933 Duke Trail,983
790,22578672,Yevette,Andy,Barwise,,1/29/1964,238 Schmedeman Terrace,1073
791,28850842,Pepi,,Scrooby,McNirlin,10/16/1992,547 Towne Crossing,817
792,21301662,Madelina,,Backwell,,4/23/1990,39 Hudson Point,1421
793,19798229,Stavro,Heida,de Zamora,,5/20/1970,8098 Basil Center,731
794,14610774,Javier,,Marini,Yatman,2/4/1997,447 Toban Way,737
795,31274363,Glenden,Wanda,Gunson,Menat,4/8/1977,362 Pankratz Center,1189
796,21360142,Milt,Roxanne,Hryskiewicz,Wetherill,1/18/1971,4 Donald Pass,700
797,22284708,Bernardine,Karly,Orto,Velti,5/1/2000,32 Clarendon Point,973
798,14982423,Ysabel,Peyter,Grenville,,12/11/1987,4 Cordelia Court,1165
799,34763001,Aurelie,Meara,Cleever,Greeding,7/12/1978,5312 Arrowood Way,1374
800,28196094,Theodora,Maurise,Choules,Bemwell,8/10/1979,5 Blue Bill Park Point,771
801,30851878,Robbi,Benedikta,Johnstone,Twizell,1/3/1968,22181 Sugar Circle,782
802,11998225,Sophia,Giustina,Charlot,,8/12/1990,21 Di Loreto Drive,796
803,19956411,Northrup,,Harmer,Murname,10/26/2006,2 Red Cloud Parkway,734
804,16550002,Sebastiano,,De Miranda,,2/29/1984,82 Debs Junction,1482
805,17947253,Darcy,Lethia,Longhorn,,7/1/1990,85079 East Alley,1038
806,33718478,Timi,Amalee,Robbs,Naile,7/23/1987,1 Vermont Way,1488
807,11553356,Phyllida,Darrin,Simka,O'Donohue,3/10/1969,6044 Cody Circle,1416
808,26257343,Elton,,Gamell,Woller,4/23/1966,70 Weeping Birch Court,1461
809,25679548,Marice,,Tarver,,9/4/2004,63 Claremont Junction,839
810,13918011,Cathlene,Alfie,Rispin,MacIlory,6/7/1973,026 Blue Bill Park Circle,1037
811,28413412,Lona,,Loins,Sher,3/20/1969,73696 Glacier Hill Plaza,982
812,21559937,Carole,,Lukas,,8/4/1982,2393 Muir Drive,1419
813,33837083,Charlie,Tom,Mansion,Vidyapin,2/6/2001,9 Riverside Avenue,1032
814,12768279,Cleavland,Godart,Lacy,Ghelardoni,6/22/1966,2 Schurz Lane,878
815,33697691,Ignacio,Trina,Bunyard,,7/2/1973,13 Parkside Junction,669
816,28790162,Ambur,Morly,Jimmison,,4/14/1974,2 Lakeland Crossing,500
817,26706358,Lief,,McCuffie,McGerraghty,1/30/1982,75 Swallow Road,443
818,22189684,Hendrick,Cull,Albion,Cradduck,6/10/1999,0 Vidon Way,961
819,12664487,Jess,,Ralling,,4/19/1982,08 Moulton Alley,462
820,14481810,Aggy,Blake,Willeman,,2/13/1977,9 Coleman Junction,1133
821,34665182,Rolph,Patrica,Crotty,,4/13/1970,8 Farwell Street,620
822,23854089,Maiga,Irvine,Emblem,Hourihan,7/12/1996,66059 Jackson Avenue,1394
823,27442551,Tasha,Kippie,Twyning,Basindale,10/6/1984,16 David Court,538
824,26229319,Carmencita,Casi,Box,Djekovic,9/3/1986,1187 Brentwood Pass,1241
825,13519241,Jorrie,Edouard,Rubinfeld,Cammish,7/5/1971,7 Walton Drive,1494
826,31605798,Roth,Felizio,Sealey,,2/13/1966,04884 Rutledge Court,1195
827,10918800,Shana,Thor,Bodimeade,Skpsey,8/21/1981,42765 Vera Center,1045
828,22582620,Johna,,Capes,,3/31/1971,40476 Rockefeller Place,777
829,34624657,Ettie,Karoline,Kobus,Bengoechea,6/4/1964,34079 Fairfield Pass,472
830,11965172,Dougy,,Maypowder,,7/13/1968,95 Jenna Street,654
831,13859985,Axe,,Grewcock,,12/8/1993,10 Steensland Plaza,395
832,15481551,Nicholas,,Dillinton,Kienl,5/14/1991,42395 Corscot Alley,624
833,34261010,Vivian,Judon,Meecher,Quilliam,12/1/1984,80760 Dryden Terrace,1249
834,33087990,Mirabel,,Karpe,Brackenridge,10/2/1974,0167 Carioca Circle,828
835,20933317,Pamella,,Luto,Twomey,2/4/2008,5 Kipling Terrace,367
836,17112699,Noll,,Capaldo,Sprull,5/26/1965,8 Grim Place,916
837,27560412,Tuckie,Ned,Pumphreys,Disbury,10/13/1985,3741 Eggendart Parkway,1275
838,11765217,Hendrik,,Gages,Wheatcroft,3/9/1961,95753 Summerview Pass,852
839,15975067,Charmane,Tiebout,Quested,,11/14/1966,2 Northwestern Park,498
840,15100536,Vito,Lyndell,Forcade,,9/25/1994,34 Tomscot Way,1159
841,25573044,Budd,Juan,Lewzey,,7/28/1966,4 Boyd Court,710
842,19009618,Corrina,Durand,Skase,Armand,5/3/2005,7334 Wayridge Road,935
843,26844868,Pernell,,McBain,Paolinelli,8/19/2003,30 Sheridan Alley,1114
844,28546955,Parke,,Ellams,Jakes,12/15/2004,465 Clarendon Junction,1093
845,16157954,Carleen,Elaina,Bentick,Scrigmour,10/13/1982,9283 Muir Lane,872
846,20623018,Lanita,Jorie,Blenkensop,,4/4/1991,1900 Stang Avenue,922
847,29029032,Adan,,Costan,Dies,12/24/2001,402 Thompson Park,405
848,27064709,Tansy,Gerome,Carthy,,4/16/1993,325 Park Meadow Street,974
849,28504337,Shermy,Riordan,Instock,Hustings,6/8/1983,4 Almo Alley,432
850,19480701,Gus,Malia,Defrain,,11/28/1964,7 Fulton Lane,1424
851,19765823,Leeann,Lilyan,Braisted,Peaker,8/21/1966,7 Thierer Drive,1042
852,18111871,Gaylord,Kitti,Cordova,,9/25/1987,38614 Anzinger Place,1434
853,14401659,Karlan,,Taysbil,Duffil,6/8/1998,4 Duke Hill,1078
854,18760010,Ruby,Harcourt,St Quenin,Milleton,10/26/2003,59459 Lunder Pass,1235
855,25852580,Harriott,Hurleigh,Camilleri,,12/20/1985,6 Veith Drive,840
856,11919484,Dario,,Cluse,,11/24/2000,323 Trailsway Parkway,995
857,10695767,Archibaldo,Sherry,Yearnes,Johnsee,7/2/1977,0658 Ridgeway Crossing,624
858,26735215,Salem,Cecelia,Wickie,Colafate,5/15/1969,85 Sauthoff Park,623
859,10789432,Selby,Carlin,Brockington,Bruhke,5/16/1980,43451 Bunker Hill Trail,1194
860,19720108,Kinny,Magdalena,Vynoll,Mills,3/29/2006,121 Debra Drive,655
861,23654259,Price,Pierrette,MacDiarmid,Alliot,1/2/1968,691 Briar Crest Hill,943
862,14725450,Jeffry,Flin,Rasp,,10/17/1984,920 Oak Valley Park,1325
863,21447502,Crin,,Osipenko,Whatham,4/11/2005,2682 Meadow Vale Junction,1297
864,31144832,Dall,,Reinard,,2/4/1979,152 Lukken Way,1428
865,14182840,Pennie,,Ireson,Boutellier,4/7/1988,1 Jay Avenue,1277
866,14583562,Gay,,Stiddard,Skrzynski,12/23/1996,9439 Hanson Park,1266
867,18105824,Donny,Davita,Merrell,,3/9/1981,168 Jenna Circle,736
868,31874714,Beatriz,Shelba,Yockley,,11/13/1962,5 Westport Way,419
869,11379085,Carolan,Coretta,Freestone,,9/21/1994,8348 Toban Alley,927
870,23862117,Anton,,Sowley,Walkden,3/9/1962,7 Gulseth Hill,1499
871,34079556,Hi,Kerry,Bootherstone,Smiley,6/20/1977,26 Warbler Terrace,1406
872,29968594,Maurits,,Hickford,Stanfield,11/7/1982,36 Ramsey Alley,1110
873,32904460,Kelbee,Cortie,Hubbock,,3/3/2001,6431 Oak Lane,1447
874,16972138,Giordano,,Dales,Casseldine,11/8/1976,640 Darwin Way,1087
875,16517103,Maddie,,Berfoot,,4/12/1992,4741 Clemons Trail,1113
876,26183334,Deerdre,Lexis,MacFaell,Linnell,6/30/1964,58 Chinook Parkway,1126
877,10850652,Koenraad,,Oakwood,Parvin,6/22/1968,3418 Main Place,744
878,17973212,Steve,Anstice,Cusack,,2/9/1964,01827 Upham Trail,1249
879,25626434,Adlai,Laure,Gibbeson,,10/21/1999,0181 Iowa Road,1153
880,24368467,Nichole,Ravi,Hanley,Seckington,3/11/1993,641 American Ash Way,770
881,27565159,Rockey,Levon,Babb,,5/15/2004,77 Pearson Point,1265
882,15807596,Kalie,,Marcinkus,,2/11/1998,50 Dakota Parkway,1369
883,34830969,Korey,Fern,Gillingham,,9/26/1996,1 2nd Point,1277
884,26752391,Clemmie,Ahmad,Peterkin,Najera,8/9/1998,8 Lien Alley,619
885,18226665,Michal,,Playfair,,2/8/1971,09 Tennyson Place,776
886,15510818,Cyrille,Collen,De Cruze,Warratt,2/24/1996,01 Oneill Junction,1257
887,34353149,Cameron,Carry,Inge,Pretsel,4/11/1973,5037 Sauthoff Park,513
888,27457648,Imogen,Louisa,Wreford,Tale,11/29/1993,728 Ludington Avenue,1451
889,33237811,Mignon,,Fleckness,,5/8/2006,484 Boyd Trail,680
890,23202871,Reina,Ashbey,Deware,Rossiter,6/30/2005,71 American Hill,1274
891,20817568,Kattie,,Greg,Mordan,6/13/1977,1 Warner Center,554
892,30025788,Marcella,,Pheasant,Burborough,8/12/1962,0 Hudson Hill,1303
893,24768295,Fran,Dierdre,Coonihan,,7/24/2001,480 Lerdahl Circle,1174
894,30046615,Erek,Daisie,Vescovo,Lawranson,9/17/2007,77 Carberry Terrace,534
895,23333952,Genovera,Aryn,Grouer,De Coursey,8/6/1978,67 Northland Hill,1256
896,30554309,Tobe,Annetta,MacAnelley,MacEllen,6/25/1965,0173 Menomonie Crossing,884
897,23587997,Jon,,Feldfisher,Bramhill,8/4/1967,71035 Merrick Street,1267
898,32616144,Jeffy,Dorette,MacCahee,Whitney,1/18/1989,4 Kenwood Crossing,1193
899,33032872,Kriste,Ninnetta,Craighead,,4/29/1997,099 Troy Park,1075
900,32875825,Merrick,Isahella,Barthrop,Perutto,2/18/1963,593 Hayes Pass,1090
901,24989262,Aimee,Magdalena,Fiddeman,Southon,8/7/1969,9 Dixon Way,1160
902,17090777,Cheri,Atlanta,Warrener,,10/18/1971,830 Leroy Lane,512
903,32387546,Arel,Derron,Rolley,Degg,10/12/1962,4820 Chive Lane,541
904,13613989,Town,Yasmeen,Falkner,Macvey,9/17/1998,401 Basil Crossing,1413
905,17786123,Rod,Lorenza,Itzkovwitch,Drakeley,3/30/1970,2 Bayside Circle,1291
906,12795208,Delia,Zacharie,Messenger,,6/8/1965,8074 Independence Circle,415
907,11232214,Brantley,Quintilla,Simcox,Rastall,2/29/1988,673 Fordem Street,510
908,20694145,Gayle,,Pascho,Jendrach,9/1/1992,12 Loftsgordon Plaza,712
909,34879992,Michel,Courtnay,Jacobowitz,Wooster,11/4/1966,04 Moulton Avenue,1442
910,26252627,Griselda,Burk,Thibodeaux,Boscher,12/17/1969,84945 Michigan Street,522
911,16396928,Cammy,,Sandford,,6/20/1972,1870 Oxford Road,723
912,32936895,Lennard,Eric,Bonellie,Normavell,12/6/1987,1 Delaware Way,511
913,26588220,Natalina,Griz,Cleyne,,1/24/1971,8913 Anzinger Circle,910
914,30748053,Dyna,Hervey,Spurway,,7/20/1983,7214 Moose Park,479
915,14875110,Emmerich,Dall,O' Lone,,10/29/1991,2 Sugar Crossing,443
916,34377227,Evanne,Florida,Smylie,Syder,12/3/1989,46 Twin Pines Way,1104
917,15920640,Annecorinne,Flora,Colwill,,3/14/1984,6650 Grasskamp Alley,1291
918,27017773,Lillian,Phip,Rzehor,LAbbet,7/6/1991,1227 Hollow Ridge Drive,1026
919,14034099,Sandye,Garnet,Darrigrand,,3/27/1966,9 Graceland Lane,1251
920,24840258,Ignace,,Raffin,Waryk,10/14/1989,792 Lukken Hill,1436
921,27845867,Nanny,Moses,Vell,Pala,12/30/1983,78 Quincy Pass,857
922,19377891,Christian,Madlen,Spilsbury,Coyett,6/23/1995,921 Swallow Junction,1103
923,21057033,Joaquin,,Piatto,Fripps,2/29/2004,0699 Laurel Point,1443
924,32244053,Melessa,,Rother,Hazeltine,1/23/1966,5628 Heath Junction,587
925,21235919,Oswald,Ezra,Pyser,Lanchbery,7/12/1978,6 Goodland Street,406
926,23894116,Klarrisa,Dorise,Iacobassi,Cawdron,6/13/1976,51 Shopko Hill,477
927,33098718,Ashley,Kaja,Ennew,Osant,2/28/1966,74133 Dwight Point,683
928,28990903,Ethelin,,Zoppo,O'Luney,1/29/1999,0979 Katie Street,1213
929,34796018,Albrecht,Vergil,Darte,Garwood,4/12/1993,12 Shoshone Circle,1160
930,14783883,Erminie,,Ansteys,,8/29/2005,8 Autumn Leaf Street,1304
931,10981723,Margarethe,Valentine,Venny,Downey,5/10/2004,9795 Erie Point,1177
932,32368510,Flossi,,Phelit,Adrain,12/20/1980,20003 Bluejay Court,526
933,22075262,Noemi,,Madgwich,,3/25/2000,0 Maple Wood Circle,795
934,33646638,Brook,,Konrad,,8/5/1974,62887 Warrior Avenue,1214
935,16834454,Tann,Toni,Gayther,Beldum,11/3/1963,83727 8th Drive,428
936,13215494,Marlon,Chick,McCourt,Spinella,3/17/2008,37 Eggendart Way,643
937,13220736,Alberto,,Fauguel,Exroll,6/5/1968,8778 Dovetail Drive,699
938,14307950,Tess,Elora,Gaskin,,2/4/1966,98 Mifflin Trail,1498
939,24411649,Leodora,Fidelia,Renowden,Devenport,3/16/1977,04 Lotheville Parkway,362
940,21894144,Denyse,Robinette,McKinless,Veracruysse,11/23/1994,2269 Sycamore Alley,1130
941,15472369,Creight,Martino,Frisby,,1/25/2002,1 Sheridan Way,367
942,24970093,Chevalier,Carlotta,Jekyll,,4/11/2000,54070 Superior Terrace,711
943,29298284,Juieta,,Huddles,Thies,6/7/1997,9767 Boyd Road,379
944,31369519,Annette,Griff,Shotboulte,Rubke,11/26/1963,64 Mariners Cove Center,498
945,33365278,Jorie,Broddy,Beatty,,9/8/1999,246 Westerfield Place,543
946,16220946,Jojo,Vivian,Jakel,Folder,11/2/1974,9 Melvin Road,1136
947,18263971,Frederigo,Cleo,Durrington,Boaler,4/22/1972,04 Sugar Parkway,1341
948,14423304,Elinore,Sergent,Pesselt,Matushevitz,10/29/2006,0 Bayside Hill,680
949,27072324,Sammy,Coleman,Elliman,Ronayne,5/16/1972,682 Prairieview Trail,1304
950,15768408,Portie,Carlyn,McWhannel,Ramas,6/12/1976,90 Clyde Gallagher Crossing,907
951,16405840,Wilma,,Kitcatt,Blanko,12/28/1976,81320 Maple Wood Terrace,601
952,17759691,Olva,Cassandra,Fearns,Searjeant,10/23/1998,1 Donald Avenue,934
953,28361371,Concettina,Nobe,Mackley,Serotsky,5/20/1974,89216 Roxbury Road,628
954,11204533,Rochester,Theodore,Joss,Spreag,11/28/1970,3 Independence Plaza,1429
955,21212017,Kirsti,,Duny,Fradson,3/15/1961,016 Jenifer Drive,418
956,23628141,Melonie,Alvin,Twitching,Ashenhurst,10/24/2001,1 Old Shore Hill,1199
957,14344651,Marline,Lauritz,Kovalski,Fortye,4/14/1978,9 Pawling Pass,1165
958,34889012,Hadlee,Marcos,Tomich,,5/3/1980,19 Heath Crossing,1172
959,24450632,Betsy,Robb,Iannello,MacGilfoyle,1/4/1984,56 Ludington Pass,495
960,18948826,Leyla,Paddy,Crome,,3/24/1995,4348 Browning Court,1017
961,11005742,Claudian,Rikki,Jermin,Rosendale,8/13/2007,2 Annamark Place,938
962,25592808,Theressa,Averell,Mewes,McKevin,3/26/1982,1 Thackeray Plaza,1126
963,29072081,Gusty,Dmitri,Haydn,Korneluk,11/29/1985,4496 Glacier Hill Drive,773
964,17259331,Doralyn,Nappie,Sleet,Stickland,7/1/1991,5 Westridge Park,1404
965,33109268,Bat,Brier,Olohan,Colmer,3/20/2006,20 5th Plaza,1056
966,24856748,Christoffer,Xavier,Tirone,Goves,10/8/1984,981 Clarendon Place,597
967,12798400,Karl,Gavan,Stapleford,Stimpson,9/18/1965,595 Lindbergh Lane,726
968,30845660,Moreen,Sidney,McLucas,Budik,10/9/1965,087 Mallard Terrace,862
969,21112838,Jodi,Eugenio,Elsmor,Rivaland,1/29/1961,82 Cambridge Way,684
970,20336017,Penni,Lilli,Suerz,Bottoner,2/23/1964,280 Florence Terrace,1206
971,12339337,Saundra,,Hayland,Tregenza,6/28/1967,41 Mayer Drive,679
972,15940595,Andreana,,Jerrand,,9/24/1977,3 Namekagon Hill,1232
973,33961424,Ealasaid,,MacKettrick,Marcone,7/24/1996,30631 Maywood Street,1396
974,15696955,Cyndi,,Hawking,Lardier,8/24/1990,7 Brentwood Trail,388
975,22508757,Brantley,,Ashenhurst,,5/22/1971,7974 Boyd Drive,379
976,29799659,Percy,,Bowick,,8/25/1968,09 Calypso Circle,380
977,24696536,Ferdy,,Chatainier,Jaeggi,11/6/1968,46 Washington Terrace,455
978,21803480,Mechelle,Ira,MacPherson,Coushe,6/5/1978,8 Superior Street,1094
979,13732683,Dennie,Fair,Puttan,,4/18/1975,57 Rieder Circle,996
980,30194824,Diarmid,Klemens,Frankes,,10/13/1990,646 Village Way,1042
981,12934677,Phyllida,Brucie,Duffrie,Evason,4/16/1989,49 Shoshone Trail,682
982,12084851,Rhody,Aurthur,Brewse,,2/9/1991,5408 Walton Park,1148
983,13760724,Kenton,,Colchett,,12/17/1963,257 Sauthoff Terrace,1304
984,30219735,Prudi,Kristopher,Garahan,,5/22/1990,374 Mockingbird Parkway,1169
985,29810109,Kelcy,Angel,Buten,Fallens,9/21/1975,22318 Rockefeller Road,380
986,18895946,Gayelord,Corabella,Whyman,Muncaster,3/3/1991,8532 Kedzie Crossing,891
987,29854735,Willamina,,Pellant,,5/27/1998,9 Messerschmidt Road,474
988,29461792,Corilla,Sibella,Souness,,3/19/2003,538 Sage Street,1225
989,27679771,Adena,Amelie,Valentinetti,,11/28/2005,913 Crownhardt Parkway,850
990,31738542,Kylie,,Greatbanks,Monier,3/12/1972,25 Melby Trail,1301
991,30391394,Noe,Harriott,Goudie,Hardingham,5/19/1976,20 Hudson Road,1487
992,11443496,Mirilla,Artus,Blackesland,Chilcott,3/12/1979,7 Tomscot Trail,666
993,10669096,Bev,Estella,Skirven,Feldman,9/19/1996,26051 Knutson Center,893
994,24111976,Raddy,,Selesnick,Bulfoot,5/5/1962,56064 Graedel Crossing,504
995,13037882,Jean,Gerty,Iacobo,Rasher,7/12/1967,78 Kedzie Court,614
996,10841966,Margarete,,Stroton,Rosie,7/28/1991,2483 Bartillon Crossing,994
997,13031941,Anthea,Marcellina,MacCafferky,Poncet,7/20/1969,3048 Schurz Center,1155
998,24215146,Giordano,,Widdowes,Vell,7/5/1978,258 Jenna Road,376
999,19968414,Jarrett,Paulie,Gleeton,,10/7/2006,629 Gateway Drive,666
1000,13971826,Julianne,Rees,Langlais,Bruhnicke,6/1/1991,622 Pierstorff Junction,995
